operation_key,area,methods,path,review_status,legacy_status,source_files,documented_parameters,sample_response_fields,openapi_matches,openapi_operation_ids,crate_endpoint_id,public_helper,request_type,response_type,feature_gate,secret_review,transport_review,unit_evidence,fixture_evidence,mock_http_evidence,live_evidence
GET /:secret-mount-path/config,secret,GET,/:secret-mount-path/config,unverified,typed,website/content/api-docs/secret/kv/kv-v2.mdx,secret-mount-path,data;data.cas_required;data.delete_version_after;data.max_versions,ambiguous,,,,,,,required,required,,,,
POST /:secret-mount-path/config,secret,POST,/:secret-mount-path/config,unverified,typed,website/content/api-docs/secret/kv/kv-v2.mdx,cas_required;delete_version_after;max_versions;secret-mount-path,,ambiguous,,,,,,,required,required,,,,
DELETE /:secret-mount-path/data/:path,secret,DELETE,/:secret-mount-path/data/:path,unverified,typed,website/content/api-docs/secret/kv/kv-v2.mdx,path;secret-mount-path,,exact-pattern,kv-delete-data-path,,,,,,required,required,,,,
PATCH /:secret-mount-path/data/:path,secret,PATCH,/:secret-mount-path/data/:path,unverified,typed,website/content/api-docs/secret/kv/kv-v2.mdx,cas;data;options;path;secret-mount-path,data;data.created_time;data.custom_metadata;data.custom_metadata.mission_critical;data.custom_metadata.owner;data.deletion_time;data.destroyed;data.version,absent,,,,,,,required,required,,,,
POST /:secret-mount-path/data/:path,secret,POST,/:secret-mount-path/data/:path,unverified,typed,website/content/api-docs/secret/kv/kv-v2.mdx,cas;data;options;path;secret-mount-path,data;data.created_time;data.custom_metadata;data.custom_metadata.mission_critical;data.custom_metadata.owner;data.deletion_time;data.destroyed;data.version,exact-pattern,kv-write-data-path,,,,,,required,required,,,,
GET /:secret-mount-path/data/:path?version=:version-number,secret,GET,/:secret-mount-path/data/:path?version=:version-number,unverified,typed,website/content/api-docs/secret/kv/kv-v2.mdx,path;secret-mount-path;version,data;data.data;data.data.foo;data.metadata;data.metadata.created_time;data.metadata.custom_metadata;data.metadata.custom_metadata.mission_critical;data.metadata.custom_metadata.owner;data.metadata.deletion_time;data.metadata.destroyed;data.metadata.version,exact-pattern,kv-read-data-path,,,,,,required,required,,,,
POST /:secret-mount-path/delete/:path,secret,POST,/:secret-mount-path/delete/:path,unverified,typed,website/content/api-docs/secret/kv/kv-v2.mdx,path;secret-mount-path;versions,,exact-pattern,kv-write-delete-path,,,,,,required,required,,,,
PUT /:secret-mount-path/destroy/:path,secret,PUT,/:secret-mount-path/destroy/:path,unverified,typed,website/content/api-docs/secret/kv/kv-v2.mdx,path;secret-mount-path;versions,,absent,,,,,,,required,required,,,,
LIST /:secret-mount-path/detailed-metadata/:path,secret,LIST,/:secret-mount-path/detailed-metadata/:path,confirmed-gap,typed,website/content/api-docs/secret/kv/kv-v2.mdx,after;limit;path;secret-mount-path,data;data.keys,exact-pattern,kv-list-detailed-metadata-path,,,,,,required,required,,,,
SCAN /:secret-mount-path/detailed-metadata/:path,secret,SCAN,/:secret-mount-path/detailed-metadata/:path,confirmed-gap,typed,website/content/api-docs/secret/kv/kv-v2.mdx,after;limit;path;secret-mount-path,data;data.keys,absent,,,,,,,required,required,,,,
DELETE /:secret-mount-path/metadata/:path,secret,DELETE,/:secret-mount-path/metadata/:path,unverified,typed,website/content/api-docs/secret/kv/kv-v2.mdx,path;secret-mount-path,,exact-pattern,kv-delete-metadata-path,,,,,,required,required,,,,
GET /:secret-mount-path/metadata/:path,secret,GET,/:secret-mount-path/metadata/:path,unverified,typed,website/content/api-docs/secret/kv/kv-v2.mdx,path;secret-mount-path,data;data.cas_required;data.created_time;data.current_version;data.custom_metadata;data.custom_metadata.bar;data.custom_metadata.baz;data.custom_metadata.foo;data.delete_version_after;data.max_versions;data.oldest_version;data.updated_time;data.versions;data.versions.1;data.versions.1.created_time;data.versions.1.deletion_time;data.versions.1.destroyed;data.versions.2;data.versions.2.created_time;data.versions.2.deletion_time;data.versions.2.destroyed;data.versions.3;data.versions.3.created_time;data.versions.3.deletion_time;data.versions.3.destroyed,exact-pattern,kv-read-metadata-path,,,,,,required,required,,,,
LIST /:secret-mount-path/metadata/:path,secret,LIST,/:secret-mount-path/metadata/:path,unverified,typed,website/content/api-docs/secret/kv/kv-v2.mdx,after;limit;path;secret-mount-path,data;data.keys,exact-pattern,kv-read-metadata-path,,,,,,required,required,,,,
PATCH /:secret-mount-path/metadata/:path,secret,PATCH,/:secret-mount-path/metadata/:path,unverified,typed,website/content/api-docs/secret/kv/kv-v2.mdx,cas_required;custom_metadata;delete_version_after;max_versions;path;secret-mount-path,,absent,,,,,,,required,required,,,,
POST /:secret-mount-path/metadata/:path,secret,POST,/:secret-mount-path/metadata/:path,unverified,typed,website/content/api-docs/secret/kv/kv-v2.mdx,cas_required;custom_metadata;delete_version_after;max_versions;path;secret-mount-path,,exact-pattern,kv-write-metadata-path,,,,,,required,required,,,,
SCAN /:secret-mount-path/metadata/:path,secret,SCAN,/:secret-mount-path/metadata/:path,confirmed-gap,typed,website/content/api-docs/secret/kv/kv-v2.mdx,after;limit;path;secret-mount-path,data;data.keys,absent,,,,,,,required,required,,,,
GET /:secret-mount-path/subkeys/:path,secret,GET,/:secret-mount-path/subkeys/:path,confirmed-gap,typed,website/content/api-docs/secret/kv/kv-v2.mdx,depth;path;secret-mount-path;version,metadata;metadata.created_time;metadata.custom_metadata;metadata.deletion_time;metadata.destroyed;metadata.version;subkeys;subkeys.bar;subkeys.bar.baz;subkeys.foo;subkeys.quux,exact-pattern,kv-read-subkeys-path,,,,,,required,required,,,,
POST /:secret-mount-path/undelete/:path,secret,POST,/:secret-mount-path/undelete/:path,unverified,typed,website/content/api-docs/secret/kv/kv-v2.mdx,path;secret-mount-path;versions,,exact-pattern,kv-write-undelete-path,,,,,,required,required,,,,
POST /auth/approle/login,auth,POST,/auth/approle/login,unverified,typed,website/content/api-docs/auth/approle.mdx,role_id;secret_id,auth;auth.accessor;auth.client_token;auth.lease_duration;auth.metadata;auth.renewable;auth.token_policies;data;lease_duration;lease_id;renewable;warnings;wrap_info,exact-pattern,app-role-login,,,,,,required,required,,,,
LIST /auth/approle/role,auth,LIST,/auth/approle/role,unverified,typed,website/content/api-docs/auth/approle.mdx,after;limit,auth;data;data.keys;lease_duration;lease_id;renewable;warnings;wrap_info,exact-pattern,app-role-list-roles,,,,,,required,required,,,,
DELETE /auth/approle/role/:role_name,auth,DELETE,/auth/approle/role/:role_name,unverified,typed,website/content/api-docs/auth/approle.mdx,role_name,,exact-pattern,app-role-delete-role,,,,,,required,required,,,,
GET /auth/approle/role/:role_name,auth,GET,/auth/approle/role/:role_name,unverified,typed,website/content/api-docs/auth/approle.mdx,role_name,auth;data;data.bind_secret_id;data.period;data.secret_id_bound_cidrs;data.secret_id_num_uses;data.secret_id_ttl;data.token_max_ttl;data.token_policies;data.token_ttl;lease_duration;lease_id;renewable;warnings;wrap_info,exact-pattern,app-role-read-role,,,,,,required,required,,,,
POST /auth/approle/role/:role_name,auth,POST,/auth/approle/role/:role_name,unverified,typed,website/content/api-docs/auth/approle.mdx,bind_secret_id;local_secret_ids;policies;role_name;secret_id_bound_cidrs;secret_id_num_uses;secret_id_ttl;token_max_ttl;token_policies;token_ttl,,exact-pattern,app-role-write-role,,,,,,required,required,,,,
GET/POST/DELETE /auth/approle/role/:role_name/bind-secret-id,auth,GET/POST/DELETE,/auth/approle/role/:role_name/bind-secret-id,unverified,typed,website/content/api-docs/auth/approle.mdx,,,exact-pattern;exact-pattern;exact-pattern,app-role-read-bind-secret-id;app-role-write-bind-secret-id;app-role-delete-bind-secret-id,,,,,,required,required,,,,
POST /auth/approle/role/:role_name/custom-secret-id,auth,POST,/auth/approle/role/:role_name/custom-secret-id,unverified,typed,website/content/api-docs/auth/approle.mdx,cidr_list;metadata;num_uses;role_name;secret_id;token_bound_cidrs;ttl,auth;data;data.secret_id;data.secret_id_accessor;data.secret_id_num_uses;data.secret_id_ttl;lease_duration;lease_id;renewable;warnings;wrap_info,exact-pattern,app-role-write-custom-secret-id,,,,,,required,required,,,,
GET/POST/DELETE /auth/approle/role/:role_name/period,auth,GET/POST/DELETE,/auth/approle/role/:role_name/period,unverified,typed,website/content/api-docs/auth/approle.mdx,,,exact-pattern;exact-pattern;exact-pattern,app-role-read-period;app-role-write-period;app-role-delete-period,,,,,,required,required,,,,
GET/POST/DELETE /auth/approle/role/:role_name/policies,auth,GET/POST/DELETE,/auth/approle/role/:role_name/policies,unverified,typed,website/content/api-docs/auth/approle.mdx,,,exact-pattern;exact-pattern;exact-pattern,app-role-read-policies;app-role-write-policies;app-role-delete-policies,,,,,,required,required,,,,
GET /auth/approle/role/:role_name/role-id,auth,GET,/auth/approle/role/:role_name/role-id,unverified,typed,website/content/api-docs/auth/approle.mdx,role_name,auth;data;data.role_id;lease_duration;lease_id;renewable;warnings;wrap_info,exact-pattern,app-role-read-role-id,,,,,,required,required,,,,
POST /auth/approle/role/:role_name/role-id,auth,POST,/auth/approle/role/:role_name/role-id,unverified,typed,website/content/api-docs/auth/approle.mdx,role_id;role_name,auth;data;data.role_id;lease_duration;lease_id;renewable;warnings;wrap_info,exact-pattern,app-role-write-role-id,,,,,,required,required,,,,
LIST /auth/approle/role/:role_name/secret-id,auth,LIST,/auth/approle/role/:role_name/secret-id,unverified,typed,website/content/api-docs/auth/approle.mdx,after;limit;role_name,auth;data;data.keys;lease_duration;lease_id;renewable;warnings;wrap_info,exact-pattern,app-role-list-secret-ids,,,,,,required,required,,,,
POST /auth/approle/role/:role_name/secret-id,auth,POST,/auth/approle/role/:role_name/secret-id,unverified,typed,website/content/api-docs/auth/approle.mdx,cidr_list;metadata;num_uses;role_name;token_bound_cidrs;ttl,auth;data;data.secret_id;data.secret_id_accessor;data.secret_id_num_uses;data.secret_id_ttl;lease_duration;lease_id;renewable;warnings;wrap_info,exact-pattern,app-role-write-secret-id,,,,,,required,required,,,,
POST /auth/approle/role/:role_name/secret-id-accessor/destroy,auth,POST,/auth/approle/role/:role_name/secret-id-accessor/destroy,unverified,typed,website/content/api-docs/auth/approle.mdx,role_name;secret_id_accessor,,exact-pattern,app-role-destroy-secret-id-by-accessor,,,,,,required,required,,,,
POST /auth/approle/role/:role_name/secret-id-accessor/lookup,auth,POST,/auth/approle/role/:role_name/secret-id-accessor/lookup,unverified,typed,website/content/api-docs/auth/approle.mdx,role_name;secret_id_accessor,auth;data;data.cidr_list;data.creation_time;data.expiration_time;data.last_updated_time;data.metadata;data.metadata.tag1;data.secret_id_accessor;data.secret_id_num_uses;data.secret_id_ttl;data.token_bound_cidrs;lease_duration;lease_id;renewable;request_id;warnings;wrap_info,exact-pattern,app-role-look-up-secret-id-by-accessor,,,,,,required,required,,,,
GET/POST/DELETE /auth/approle/role/:role_name/secret-id-bound-cidrs,auth,GET/POST/DELETE,/auth/approle/role/:role_name/secret-id-bound-cidrs,unverified,typed,website/content/api-docs/auth/approle.mdx,,,exact-pattern;exact-pattern;exact-pattern,app-role-read-secret-id-bound-cidrs;app-role-write-secret-id-bound-cidrs;app-role-delete-secret-id-bound-cidrs,,,,,,required,required,,,,
GET/POST/DELETE /auth/approle/role/:role_name/secret-id-num-uses,auth,GET/POST/DELETE,/auth/approle/role/:role_name/secret-id-num-uses,unverified,typed,website/content/api-docs/auth/approle.mdx,,,exact-pattern;exact-pattern;exact-pattern,app-role-read-secret-id-num-uses;app-role-write-secret-id-num-uses;app-role-delete-secret-id-num-uses,,,,,,required,required,,,,
GET/POST/DELETE /auth/approle/role/:role_name/secret-id-ttl,auth,GET/POST/DELETE,/auth/approle/role/:role_name/secret-id-ttl,unverified,typed,website/content/api-docs/auth/approle.mdx,,,exact-pattern;exact-pattern;exact-pattern,app-role-read-secret-id-ttl;app-role-write-secret-id-ttl;app-role-delete-secret-id-ttl,,,,,,required,required,,,,
POST /auth/approle/role/:role_name/secret-id/destroy,auth,POST,/auth/approle/role/:role_name/secret-id/destroy,unverified,typed,website/content/api-docs/auth/approle.mdx,role_name;secret_id,,exact-pattern,app-role-destroy-secret-id,,,,,,required,required,,,,
POST /auth/approle/role/:role_name/secret-id/lookup,auth,POST,/auth/approle/role/:role_name/secret-id/lookup,unverified,typed,website/content/api-docs/auth/approle.mdx,role_name;secret_id,auth;data;data.cidr_list;data.creation_time;data.expiration_time;data.last_updated_time;data.metadata;data.metadata.tag1;data.secret_id_accessor;data.secret_id_num_uses;data.secret_id_ttl;data.token_bound_cidrs;lease_duration;lease_id;renewable;request_id;warnings;wrap_info,exact-pattern,app-role-look-up-secret-id,,,,,,required,required,,,,
GET/POST/DELETE /auth/approle/role/:role_name/token-bound-cidrs,auth,GET/POST/DELETE,/auth/approle/role/:role_name/token-bound-cidrs,unverified,typed,website/content/api-docs/auth/approle.mdx,,,exact-pattern;exact-pattern;exact-pattern,app-role-read-token-bound-cidrs;app-role-write-token-bound-cidrs;app-role-delete-token-bound-cidrs,,,,,,required,required,,,,
GET/POST/DELETE /auth/approle/role/:role_name/token-max-ttl,auth,GET/POST/DELETE,/auth/approle/role/:role_name/token-max-ttl,unverified,typed,website/content/api-docs/auth/approle.mdx,,,exact-pattern;exact-pattern;exact-pattern,app-role-read-token-max-ttl;app-role-write-token-max-ttl;app-role-delete-token-max-ttl,,,,,,required,required,,,,
GET/POST/DELETE /auth/approle/role/:role_name/token-ttl,auth,GET/POST/DELETE,/auth/approle/role/:role_name/token-ttl,unverified,typed,website/content/api-docs/auth/approle.mdx,,,exact-pattern;exact-pattern;exact-pattern,app-role-read-token-ttl;app-role-write-token-ttl;app-role-delete-token-ttl,,,,,,required,required,,,,
POST /auth/approle/tidy/secret-id,auth,POST,/auth/approle/tidy/secret-id,unverified,typed,website/content/api-docs/auth/approle.mdx,,auth;data;lease_duration;lease_id;renewable;request_id;warnings;wrap_info,exact-pattern,app-role-tidy-secret-id,,,,,,required,required,,,,
LIST /auth/cert/certs,auth,LIST,/auth/cert/certs,unverified,typed,website/content/api-docs/auth/cert.mdx,after;limit,auth;data;data.keys;lease_duration;lease_id;renewable;warnings;wrap_info,exact-pattern,cert-list-certificates,,,,,,required,required,,,,
DELETE /auth/cert/certs/:name,auth,DELETE,/auth/cert/certs/:name,unverified,typed,website/content/api-docs/auth/cert.mdx,name,,exact-pattern,cert-delete-certificate,,,,,,required,required,,,,
GET /auth/cert/certs/:name,auth,GET,/auth/cert/certs/:name,unverified,typed,website/content/api-docs/auth/cert.mdx,name,auth;data;data.allowed_names;data.certificate;data.display_name;data.max_ttl;data.period;data.policies;data.required_extensions;data.ttl;lease_duration;lease_id;renewable;warnings,exact-pattern,cert-read-certificate,,,,,,required,required,,,,
POST /auth/cert/certs/:name,auth,POST,/auth/cert/certs/:name,unverified,typed,website/content/api-docs/auth/cert.mdx,allowed_common_names;allowed_dns_sans;allowed_email_sans;allowed_metadata_extensions;allowed_names;allowed_organizational_units;allowed_uri_sans;certificate;display_name;name;ocsp_ca_certificates;ocsp_enabled;ocsp_fail_open;ocsp_query_all_servers;ocsp_servers_override;policies;required_extensions;token_max_ttl;token_policies;token_ttl,,exact-pattern,cert-write-certificate,,,,,,required,required,,,,
POST /auth/cert/config,auth,POST,/auth/cert/config,unverified,typed,website/content/api-docs/auth/cert.mdx,disable_binding;enable_identity_alias_metadata;ocsp_cache_size,,exact-pattern,cert-configure,,,,,,required,required,,,,
LIST /auth/cert/crls,auth,LIST,/auth/cert/crls,unverified,typed,website/content/api-docs/auth/cert.mdx,after;limit,auth;data;data.keys;lease_duration;lease_id;renewable;warnings;wrap_info,exact-pattern,cert-list-crls,,,,,,required,required,,,,
DELETE /auth/cert/crls/:name,auth,DELETE,/auth/cert/crls/:name,unverified,typed,website/content/api-docs/auth/cert.mdx,name,,exact-pattern,cert-delete-crl,,,,,,required,required,,,,
GET /auth/cert/crls/:name,auth,GET,/auth/cert/crls/:name,unverified,typed,website/content/api-docs/auth/cert.mdx,name,auth;data;data.serials;data.serials.13;lease_duration;lease_id;renewable;warnings,exact-pattern,cert-read-crl,,,,,,required,required,,,,
POST /auth/cert/crls/:name,auth,POST,/auth/cert/crls/:name,unverified,typed,website/content/api-docs/auth/cert.mdx,crl;name;url,,exact-pattern,cert-write-crl,,,,,,required,required,,,,
POST /auth/cert/login,auth,POST,/auth/cert/login,unverified,typed,website/content/api-docs/auth/cert.mdx,name,auth;auth.client_token;auth.lease_duration;auth.policies;auth.renewable,exact-pattern,cert-login,,,,,,required,required,,,,
GET /auth/jwt/config,auth,GET,/auth/jwt/config,unverified,typed,website/content/api-docs/auth/jwt.mdx,,,exact-pattern,jwt-read-configuration,,,,,,required,required,,,,
POST /auth/jwt/config,auth,POST,/auth/jwt/config,unverified,typed,website/content/api-docs/auth/jwt.mdx,bound_issuer;default_role;jwks_ca_pem;jwks_url;jwt_supported_algs;jwt_validation_pubkeys;namespace_in_state;oidc_client_id;oidc_client_secret;oidc_discovery_ca_pem;oidc_discovery_url;oidc_response_mode;oidc_response_types;override_allowed_server_names;provider_config;skip_jwks_validation,,exact-pattern,jwt-configure,,,,,,required,required,,,,
POST /auth/jwt/login,auth,POST,/auth/jwt/login,unverified,typed,website/content/api-docs/auth/jwt.mdx,jwt;role,,exact-pattern,jwt-login,,,,,,required,required,,,,
POST /auth/jwt/oidc/auth_url,auth,POST,/auth/jwt/oidc/auth_url,unverified,typed,website/content/api-docs/auth/jwt.mdx,client_nonce;redirect_uri;role,,exact-pattern,jwt-oidc-request-authorization-url,,,,,,required,required,,,,
GET /auth/jwt/oidc/callback,auth,GET,/auth/jwt/oidc/callback,unverified,typed,website/content/api-docs/auth/jwt.mdx,client_nonce;code;error;error_description;error_uri;id_token;state,,exact-pattern,jwt-oidc-callback,,,,,,required,required,,,,
GET /auth/jwt/oidc/poll,auth,GET,/auth/jwt/oidc/poll,unverified,typed,website/content/api-docs/auth/jwt.mdx,client_nonce;state,errors,absent,,,,,,,required,required,,,,
LIST /auth/jwt/role,auth,LIST,/auth/jwt/role,unverified,typed,website/content/api-docs/auth/jwt.mdx,after;limit,,exact-pattern,jwt-list-roles,,,,,,required,required,,,,
DELETE /auth/jwt/role/:name,auth,DELETE,/auth/jwt/role/:name,unverified,typed,website/content/api-docs/auth/jwt.mdx,name,,exact-pattern,jwt-delete-role,,,,,,required,required,,,,
GET /auth/jwt/role/:name,auth,GET,/auth/jwt/role/:name,unverified,typed,website/content/api-docs/auth/jwt.mdx,name,,exact-pattern,jwt-read-role,,,,,,required,required,,,,
POST /auth/jwt/role/:name,auth,POST,/auth/jwt/role/:name,unverified,typed,website/content/api-docs/auth/jwt.mdx,allowed_redirect_uris;bound_audiences;bound_claims;bound_claims_type;bound_subject;callback_mode;claim_mappings;clock_skew_leeway;expiration_leeway;groups_claim;max_age;name;not_before_leeway;oidc_disable_confirmation;oidc_scopes;policies;poll_interval;role_type;token_max_ttl;token_policies;token_policies_template_claims;token_ttl;user_claim;user_claim_json_pointer;verbose_oidc_logging,,exact-pattern,jwt-write-role,,,,,,required,required,,,,
GET /auth/kerberos/config,auth,GET,/auth/kerberos/config,unverified,typed,website/content/api-docs/auth/kerberos.mdx,,auth;data;data.add_group_aliases;data.remove_instance_name;data.service_account;lease_duration;lease_id;renewable;warnings;wrap_info,exact-pattern,kerberos-read-configuration,,,,,,required,required,,,,
POST /auth/kerberos/config,auth,POST,/auth/kerberos/config,unverified,typed,website/content/api-docs/auth/kerberos.mdx,keytab;service_account,,exact-pattern,kerberos-configure,,,,,,required,required,,,,
GET /auth/kerberos/config/ldap,auth,GET,/auth/kerberos/config/ldap,unverified,typed,website/content/api-docs/auth/kerberos.mdx,,auth;data;data.binddn;data.bindpass;data.certificate;data.deny_null_bind;data.discoverdn;data.groupattr;data.groupdn;data.groupfilter;data.insecure_tls;data.starttls;data.tls_max_version;data.tls_min_version;data.upndomain;data.url;data.userattr;data.userdn;lease_duration;lease_id;renewable;warnings;wrap_info,exact-pattern,kerberos-read-ldap-configuration,,,,,,required,required,,,,
POST /auth/kerberos/config/ldap,auth,POST,/auth/kerberos/config/ldap,unverified,typed,website/content/api-docs/auth/kerberos.mdx,binddn;bindpass;case_sensitive_names;certificate;deny_null_bind;discoverdn;groupattr;groupdn;groupfilter;insecure_tls;policies;starttls;tls_max_version;tls_min_version;token_max_ttl;token_policies;token_ttl;upndomain;url;userattr;userdn,,exact-pattern,kerberos-configure-ldap,,,,,,required,required,,,,
LIST /auth/kerberos/groups,auth,LIST,/auth/kerberos/groups,unverified,typed,website/content/api-docs/auth/kerberos.mdx,after;limit,auth;data;data.keys;lease_duration;lease_id;renewable;warnings;wrap_info,exact-pattern,kerberos-list-groups,,,,,,required,required,,,,
DELETE /auth/kerberos/groups/:name,auth,DELETE,/auth/kerberos/groups/:name,unverified,typed,website/content/api-docs/auth/kerberos.mdx,name,,exact-pattern,kerberos-delete-group,,,,,,required,required,,,,
GET /auth/kerberos/groups/:name,auth,GET,/auth/kerberos/groups/:name,unverified,typed,website/content/api-docs/auth/kerberos.mdx,name,data;data.policies;lease_duration;lease_id;renewable;warnings,exact-pattern,kerberos-read-group,,,,,,required,required,,,,
POST /auth/kerberos/groups/:name,auth,POST,/auth/kerberos/groups/:name,unverified,typed,website/content/api-docs/auth/kerberos.mdx,name;policies,,exact-pattern,kerberos-write-group,,,,,,required,required,,,,
POST /auth/kerberos/login,auth,POST,/auth/kerberos/login,unverified,typed,website/content/api-docs/auth/kerberos.mdx,,,exact-pattern,kerberos-login,,,,,,required,required,,,,
GET /auth/kubernetes/config,auth,GET,/auth/kubernetes/config,unverified,typed,website/content/api-docs/auth/kubernetes.mdx,,,exact-pattern,kubernetes-read-auth-configuration,,,,,,required,required,,,,
POST /auth/kubernetes/config,auth,POST,/auth/kubernetes/config,unverified,typed,website/content/api-docs/auth/kubernetes.mdx,disable_iss_validation;issuer;disable_local_ca_jwt;kubernetes_ca_cert;kubernetes_host;pem_keys;token_reviewer_jwt,,exact-pattern,kubernetes-configure-auth,,,,,,required,required,,,,
POST /auth/kubernetes/login,auth,POST,/auth/kubernetes/login,unverified,typed,website/content/api-docs/auth/kubernetes.mdx,jwt;role,auth;auth.accessor;auth.client_token;auth.lease_duration;auth.metadata;auth.metadata.role;auth.metadata.service_account_name;auth.metadata.service_account_namespace;auth.metadata.service_account_secret_name;auth.metadata.service_account_uid;auth.policies;auth.renewable,exact-pattern,kubernetes-login,,,,,,required,required,,,,
LIST /auth/kubernetes/role,auth,LIST,/auth/kubernetes/role,unverified,typed,website/content/api-docs/auth/kubernetes.mdx,after;limit,data;data.keys,exact-pattern,kubernetes-list-auth-roles,,,,,,required,required,,,,
GET /auth/kubernetes/role/:name,auth,GET,/auth/kubernetes/role/:name,unverified,typed,website/content/api-docs/auth/kubernetes.mdx,name,data;data.bound_service_account_names;data.bound_service_account_namespaces;data.max_ttl;data.period;data.policies;data.ttl,exact-pattern,kubernetes-read-auth-role,,,,,,required,required,,,,
POST /auth/kubernetes/role/:name,auth,POST,/auth/kubernetes/role/:name,unverified,typed,website/content/api-docs/auth/kubernetes.mdx,alias_name_source;audience;bound_service_account_names;bound_service_account_namespaces;name;policies;token_max_ttl;token_policies;token_ttl,,exact-pattern,kubernetes-write-auth-role,,,,,,required,required,,,,
DELETE /auth/kubernetes/role/:role,auth,DELETE,/auth/kubernetes/role/:role,unverified,typed,website/content/api-docs/auth/kubernetes.mdx,role,,exact-pattern,kubernetes-delete-auth-role,,,,,,required,required,,,,
GET /auth/kubernetes/role?list=true,auth,GET,/auth/kubernetes/role?list=true,unverified,typed,website/content/api-docs/auth/kubernetes.mdx,after;limit,data;data.keys,exact-pattern,kubernetes-list-auth-roles,,,,,,required,required,,,,
GET /auth/ldap/config,auth,GET,/auth/ldap/config,unverified,typed,website/content/api-docs/auth/ldap.mdx,,auth;data;data.binddn;data.bindpass;data.certificate;data.deny_null_bind;data.discoverdn;data.groupattr;data.groupdn;data.groupfilter;data.insecure_tls;data.starttls;data.tls_max_version;data.tls_min_version;data.upndomain;data.url;data.userattr;data.userdn;data.username_as_alias;lease_duration;lease_id;renewable;warnings;wrap_info,exact-pattern,ldap-read-auth-configuration,,,,,,required,required,,,,
POST /auth/ldap/config,auth,POST,/auth/ldap/config,unverified,typed,website/content/api-docs/auth/ldap.mdx,anonymous_group_search;binddn;bindpass;case_sensitive_names;certificate;client_tls_cert;client_tls_key;connection_timeout;deny_null_bind;dereference_aliases;discoverdn;groupattr;groupdn;groupfilter;insecure_tls;max_page_size;policies;request_timeout;starttls;tls_max_version;tls_min_version;token_max_ttl;token_policies;token_ttl;upndomain;url;use_token_groups;userattr;userdn;userfilter;username_as_alias,,exact-pattern,ldap-configure-auth,,,,,,required,required,,,,
LIST /auth/ldap/groups,auth,LIST,/auth/ldap/groups,unverified,typed,website/content/api-docs/auth/ldap.mdx,,auth;data;data.keys;lease_duration;lease_id;renewable;warnings;wrap_info,exact-pattern,ldap-list-groups,,,,,,required,required,,,,
DELETE /auth/ldap/groups/:name,auth,DELETE,/auth/ldap/groups/:name,unverified,typed,website/content/api-docs/auth/ldap.mdx,name,,exact-pattern,ldap-delete-group,,,,,,required,required,,,,
GET /auth/ldap/groups/:name,auth,GET,/auth/ldap/groups/:name,unverified,typed,website/content/api-docs/auth/ldap.mdx,name,,exact-pattern,ldap-read-group,,,,,,required,required,,,,
POST /auth/ldap/groups/:name,auth,POST,/auth/ldap/groups/:name,unverified,typed,website/content/api-docs/auth/ldap.mdx,name;policies,,exact-pattern,ldap-write-group,,,,,,required,required,,,,
POST /auth/ldap/login/:username,auth,POST,/auth/ldap/login/:username,unverified,typed,website/content/api-docs/auth/ldap.mdx,password;username,auth;auth.client_token;auth.lease_duration;auth.metadata;auth.metadata.username;auth.policies;auth.renewable;data;lease_duration;lease_id;renewable,exact-pattern,ldap-login,,,,,,required,required,,,,
LIST /auth/ldap/users,auth,LIST,/auth/ldap/users,unverified,typed,website/content/api-docs/auth/ldap.mdx,,auth;data;data.keys;lease_duration;lease_id;renewable;warnings;wrap_info,exact-pattern,ldap-list-users,,,,,,required,required,,,,
DELETE /auth/ldap/users/:username,auth,DELETE,/auth/ldap/users/:username,unverified,typed,website/content/api-docs/auth/ldap.mdx,username,,exact-pattern,ldap-delete-user,,,,,,required,required,,,,
GET /auth/ldap/users/:username,auth,GET,/auth/ldap/users/:username,unverified,typed,website/content/api-docs/auth/ldap.mdx,username,,exact-pattern,ldap-read-user,,,,,,required,required,,,,
POST /auth/ldap/users/:username,auth,POST,/auth/ldap/users/:username,unverified,typed,website/content/api-docs/auth/ldap.mdx,groups;policies;username,,exact-pattern,ldap-write-user,,,,,,required,required,,,,
POST /auth/radius/config,auth,POST,/auth/radius/config,unverified,typed,website/content/api-docs/auth/radius.mdx,dial_timeout;host;nas_port;policies;port;secret;token_max_ttl;token_policies;token_ttl;unregistered_user_policies,,exact-pattern,radius-configure,,,,,,required,required,,,,
POST /auth/radius/login,auth,POST,/auth/radius/login,unverified,typed,website/content/api-docs/auth/radius.mdx,password;username,,exact-pattern,radius-login,,,,,,required,required,,,,
POST /auth/radius/login/:username,auth,POST,/auth/radius/login/:username,unverified,typed,website/content/api-docs/auth/radius.mdx,password;username,,exact-pattern,radius-login-with-username,,,,,,required,required,,,,
LIST /auth/radius/users,auth,LIST,/auth/radius/users,unverified,typed,website/content/api-docs/auth/radius.mdx,after;limit,auth;data;data.keys;lease_duration;lease_id;renewable;warnings;wrap_info,exact-pattern,radius-list-users,,,,,,required,required,,,,
DELETE /auth/radius/users/:username,auth,DELETE,/auth/radius/users/:username,unverified,typed,website/content/api-docs/auth/radius.mdx,username,,exact-pattern,radius-delete-user,,,,,,required,required,,,,
GET /auth/radius/users/:username,auth,GET,/auth/radius/users/:username,unverified,typed,website/content/api-docs/auth/radius.mdx,username,data;data.policies;lease_duration;lease_id;renewable;request_id;warnings,exact-pattern,radius-read-user,,,,,,required,required,,,,
POST /auth/radius/users/:username,auth,POST,/auth/radius/users/:username,unverified,typed,website/content/api-docs/auth/radius.mdx,policies;username,,exact-pattern,radius-write-user,,,,,,required,required,,,,
LIST /auth/token/accessors,auth,LIST,/auth/token/accessors,unverified,typed,website/content/api-docs/auth/token.mdx,,auth;data;data.keys;lease_duration;lease_id;renewable;warnings;wrap_info,exact-pattern,token-list-accessors,,,,,,required,required,,,,
POST /auth/token/create,auth,POST,/auth/token/create,unverified,typed,website/content/api-docs/auth/token.mdx,display_name;entity_alias;explicit_max_ttl;id;lease;meta;no_default_policy;no_parent;num_uses;period;policies;renewable;role_name;ttl;type,auth;auth.accessor;auth.client_token;auth.entity_id;auth.lease_duration;auth.metadata;auth.metadata.user;auth.num_uses;auth.orphan;auth.policies;auth.renewable;auth.token_policies;auth.token_type;data;lease_duration;lease_id;renewable;request_id;warnings;wrap_info,exact-pattern,token-create,,,,,,required,required,,,,
POST /auth/token/create-orphan,auth,POST,/auth/token/create-orphan,unverified,typed,website/content/api-docs/auth/token.mdx,display_name;entity_alias;explicit_max_ttl;id;lease;meta;no_default_policy;no_parent;num_uses;period;policies;renewable;role_name;ttl;type,auth;auth.accessor;auth.client_token;auth.entity_id;auth.lease_duration;auth.metadata;auth.metadata.user;auth.num_uses;auth.orphan;auth.policies;auth.renewable;auth.token_policies;auth.token_type;data;lease_duration;lease_id;renewable;request_id;warnings;wrap_info,exact-pattern,token-create-orphan,,,,,,required,required,,,,
POST /auth/token/create/:role_name,auth,POST,/auth/token/create/:role_name,unverified,typed,website/content/api-docs/auth/token.mdx,display_name;entity_alias;explicit_max_ttl;id;lease;meta;no_default_policy;no_parent;num_uses;period;policies;renewable;role_name;ttl;type,auth;auth.accessor;auth.client_token;auth.entity_id;auth.lease_duration;auth.metadata;auth.metadata.user;auth.num_uses;auth.orphan;auth.policies;auth.renewable;auth.token_policies;auth.token_type;data;lease_duration;lease_id;renewable;request_id;warnings;wrap_info,exact-pattern,token-create-against-role,,,,,,required,required,,,,
POST /auth/token/lookup,auth,POST,/auth/token/lookup,unverified,typed,website/content/api-docs/auth/token.mdx,token,data;data.accessor;data.creation_time;data.creation_ttl;data.display_name;data.entity_id;data.expire_time;data.explicit_max_ttl;data.id;data.identity_policies;data.issue_time;data.meta;data.meta.username;data.num_uses;data.orphan;data.path;data.policies;data.renewable;data.ttl,exact-pattern,token-look-up-update,,,,,,required,required,,,,
POST /auth/token/lookup-accessor,auth,POST,/auth/token/lookup-accessor,unverified,typed,website/content/api-docs/auth/token.mdx,accessor,data;data.accessor;data.creation_time;data.creation_ttl;data.display_name;data.entity_id;data.expire_time;data.explicit_max_ttl;data.id;data.identity_policies;data.issue_time;data.meta;data.meta.username;data.num_uses;data.orphan;data.path;data.policies;data.renewable;data.ttl,exact-pattern,token-look-up-by-accessor,,,,,,required,required,,,,
GET /auth/token/lookup-self,auth,GET,/auth/token/lookup-self,confirmed-gap,partial,website/content/api-docs/auth/token.mdx,,data;data.accessor;data.creation_time;data.creation_ttl;data.display_name;data.entity_id;data.expire_time;data.explicit_max_ttl;data.id;data.identity_policies;data.issue_time;data.meta;data.meta.username;data.num_uses;data.orphan;data.path;data.policies;data.renewable;data.ttl,exact-pattern,token-look-up-self-get,,,,,,required,required,,,,
POST /auth/token/renew,auth,POST,/auth/token/renew,unverified,typed,website/content/api-docs/auth/token.mdx,increment;token,auth;auth.client_token;auth.lease_duration;auth.metadata;auth.metadata.user;auth.policies;auth.renewable,exact-pattern,token-renew,,,,,,required,required,,,,
POST /auth/token/renew-accessor,auth,POST,/auth/token/renew-accessor,unverified,typed,website/content/api-docs/auth/token.mdx,accessor;increment,auth;auth.client_token;auth.lease_duration;auth.metadata;auth.metadata.user;auth.policies;auth.renewable,exact-pattern,token-renew-accessor,,,,,,required,required,,,,
POST /auth/token/renew-self,auth,POST,/auth/token/renew-self,unverified,typed,website/content/api-docs/auth/token.mdx,increment,auth;auth.client_token;auth.lease_duration;auth.metadata;auth.metadata.user;auth.policies;auth.renewable,exact-pattern,token-renew-self,,,,,,required,required,,,,
POST /auth/token/revoke,auth,POST,/auth/token/revoke,unverified,typed,website/content/api-docs/auth/token.mdx,token,,exact-pattern,token-revoke,,,,,,required,required,,,,
POST /auth/token/revoke-accessor,auth,POST,/auth/token/revoke-accessor,unverified,typed,website/content/api-docs/auth/token.mdx,accessor,,exact-pattern,token-revoke-accessor,,,,,,required,required,,,,
POST /auth/token/revoke-orphan,auth,POST,/auth/token/revoke-orphan,unverified,typed,website/content/api-docs/auth/token.mdx,token,,exact-pattern,token-revoke-orphan,,,,,,required,required,,,,
POST /auth/token/revoke-self,auth,POST,/auth/token/revoke-self,unverified,typed,website/content/api-docs/auth/token.mdx,,,exact-pattern,token-revoke-self,,,,,,required,required,,,,
LIST /auth/token/roles,auth,LIST,/auth/token/roles,unverified,typed,website/content/api-docs/auth/token.mdx,,data;data.keys,exact-pattern,token-list-roles,,,,,,required,required,,,,
DELETE /auth/token/roles/:role_name,auth,DELETE,/auth/token/roles/:role_name,unverified,typed,website/content/api-docs/auth/token.mdx,role_name,,exact-pattern,token-delete-role,,,,,,required,required,,,,
GET /auth/token/roles/:role_name,auth,GET,/auth/token/roles/:role_name,unverified,typed,website/content/api-docs/auth/token.mdx,role_name,,exact-pattern,token-read-role,,,,,,required,required,,,,
POST /auth/token/roles/:role_name,auth,POST,/auth/token/roles/:role_name,unverified,typed,website/content/api-docs/auth/token.mdx,allowed_entity_aliases;allowed_policies;allowed_policies_glob;disallowed_policies;disallowed_policies_glob;orphan;path_suffix;renewable;role_name;token_bound_cidrs;token_explicit_max_ttl;token_no_default_policy;token_num_uses;token_period;token_strictly_bind_ip;token_type,,exact-pattern,token-write-role,,,,,,required,required,,,,
POST /auth/token/tidy,auth,POST,/auth/token/tidy,unverified,typed,website/content/api-docs/auth/token.mdx,,auth;data;lease_duration;lease_id;renewable;request_id;warnings;wrap_info,exact-pattern,token-tidy,,,,,,required,required,,,,
POST /auth/userpass/login/:username,auth,POST,/auth/userpass/login/:username,unverified,typed,website/content/api-docs/auth/userpass.mdx,password;username,auth;auth.accessor;auth.client_token;auth.entity_id;auth.lease_duration;auth.metadata;auth.metadata.username;auth.mfa_requirement;auth.num_uses;auth.orphan;auth.policies;auth.renewable;auth.token_policies;auth.token_type;data;lease_duration;lease_id;renewable;request_id;warnings;wrap_info,exact-pattern,userpass-login,,,,,,required,required,,,,
LIST /auth/userpass/users,auth,LIST,/auth/userpass/users,unverified,typed,website/content/api-docs/auth/userpass.mdx,after;limit,data;data.keys,exact-pattern,userpass-list-users,,,,,,required,required,,,,
DELETE /auth/userpass/users/:username,auth,DELETE,/auth/userpass/users/:username,unverified,typed,website/content/api-docs/auth/userpass.mdx,username,,exact-pattern,userpass-delete-user,,,,,,required,required,,,,
GET /auth/userpass/users/:username,auth,GET,/auth/userpass/users/:username,unverified,typed,website/content/api-docs/auth/userpass.mdx,,auth;data;data.token_bound_cidrs;data.token_explicit_max_ttl;data.token_max_ttl;data.token_no_default_policy;data.token_num_uses;data.token_period;data.token_policies;data.token_ttl;data.token_type;lease_duration;lease_id;renewable;request_id;warnings;wrap_info,exact-pattern,userpass-read-user,,,,,,required,required,,,,
POST /auth/userpass/users/:username,auth,POST,/auth/userpass/users/:username,unverified,typed,website/content/api-docs/auth/userpass.mdx,password;policies;token_max_ttl;token_policies;token_ttl;username,,exact-pattern,userpass-write-user,,,,,,required,required,,,,
POST /auth/userpass/users/:username/password,auth,POST,/auth/userpass/users/:username/password,unverified,typed,website/content/api-docs/auth/userpass.mdx,password;username,,exact-pattern,userpass-reset-password,,,,,,required,required,,,,
POST /auth/userpass/users/:username/policies,auth,POST,/auth/userpass/users/:username/policies,unverified,typed,website/content/api-docs/auth/userpass.mdx,token_policies;username,,exact-pattern,userpass-update-policies,,,,,,required,required,,,,
LIST /certs/revocation-queue,secret,LIST,/certs/revocation-queue,unverified,typed,website/content/api-docs/secret/pki.mdx,after;alt_names;basic_constraints_valid_for_non_ca;certificate;certificate;common_name;common_name;country;csr;exclude_cn_from_sans;ext_key_usage;ext_key_usage_oids;format;ip_sans;issuer_ref;key_bits;key_type;key_usage;key_usage;limit;locality;max_path_length;name;name;not_after;not_before;not_before_duration;organization;other_sans;ou;permitted_dns_domains;postal_code;private_key;private_key_format;province;remove_roots_from_chain;require_matching_certificate_algorithms;serial_number;serial_number;signature_bits;skid;street_address;ttl;uri_sans;use_csr_values;use_pss;user_ids,auth;data;data.ca_chain;data.certificate;data.expiration;data.issuing_ca;data.key_info;data.key_info.3d:80:91:c3:c2:34:3b:81:69:3d:92:a3:80:69:db:53:04:26:ab:b4;data.key_info.3d:80:91:c3:c2:34:3b:81:69:3d:92:a3:80:69:db:53:04:26:ab:b4.requesting_cluster;data.keys;data.not_before;data.private_key;data.private_key_type;data.revocation_time;data.serial_number;lease_duration;lease_id;renewable;request_id;warnings;wrap_info,exact-pattern,kv-read-path,,,,,,required,required,,,,
LIST /certs/revoked,secret,LIST,/certs/revoked,unverified,typed,website/content/api-docs/secret/pki.mdx,after;alt_names;basic_constraints_valid_for_non_ca;certificate;certificate;common_name;common_name;country;csr;exclude_cn_from_sans;ext_key_usage;ext_key_usage_oids;format;ip_sans;issuer_ref;key_bits;key_type;key_usage;key_usage;limit;locality;max_path_length;name;name;not_after;not_before;not_before_duration;organization;other_sans;ou;permitted_dns_domains;postal_code;private_key;private_key_format;province;remove_roots_from_chain;require_matching_certificate_algorithms;serial_number;serial_number;signature_bits;skid;street_address;ttl;uri_sans;use_csr_values;use_pss;user_ids,auth;data;data.ca_chain;data.certificate;data.expiration;data.issuing_ca;data.key_info;data.key_info.3d:80:91:c3:c2:34:3b:81:69:3d:92:a3:80:69:db:53:04:26:ab:b4;data.key_info.3d:80:91:c3:c2:34:3b:81:69:3d:92:a3:80:69:db:53:04:26:ab:b4.requesting_cluster;data.keys;data.not_before;data.private_key;data.private_key_type;data.revocation_time;data.serial_number;lease_duration;lease_id;renewable;request_id;warnings;wrap_info,exact-pattern,kv-read-path,,,,,,required,required,,,,
DELETE /cubbyhole/:path,secret,DELETE,/cubbyhole/:path,unverified,typed,website/content/api-docs/secret/cubbyhole.mdx,path,,exact-pattern,cubbyhole-delete,,,,,,required,required,,,,
GET /cubbyhole/:path,secret,GET,/cubbyhole/:path,unverified,typed,website/content/api-docs/secret/cubbyhole.mdx,path,auth;data;data.foo;lease_duration;lease_id;renewable,exact-pattern,cubbyhole-read,,,,,,required,required,,,,
LIST /cubbyhole/:path,secret,LIST,/cubbyhole/:path,unverified,typed,website/content/api-docs/secret/cubbyhole.mdx,path,auth;data;data.keys;lease_duration;lease_id;renewable,exact-pattern,cubbyhole-read,,,,,,required,required,,,,
POST /cubbyhole/:path,secret,POST,/cubbyhole/:path,unverified,typed,website/content/api-docs/secret/cubbyhole.mdx,:key;path,,exact-pattern,cubbyhole-write,,,,,,required,required,,,,
LIST /database/config,secret,LIST,/database/config,unverified,typed,website/content/api-docs/secret/databases/index.mdx,,data;data.keys,exact-pattern,database-list-connections,,,,,,required,required,,,,
DELETE /database/config/:name,secret,DELETE,/database/config/:name,unverified,typed,website/content/api-docs/secret/databases/index.mdx,name,,exact-pattern,database-delete-connection-configuration,,,,,,required,required,,,,
GET /database/config/:name,secret,GET,/database/config/:name,unverified,typed,website/content/api-docs/secret/databases/index.mdx,name,data;data.allowed_roles;data.connection_details;data.connection_details.connection_url;data.connection_details.username;data.password_policy;data.plugin_name;data.plugin_version;data.root_credentials_rotate_statements,exact-pattern,database-read-connection-configuration,,,,,,required,required,,,,
POST /database/config/:name,secret,POST,/database/config/:name,unverified,typed,website/content/api-docs/secret/databases/cassandra.mdx;website/content/api-docs/secret/databases/index.mdx;website/content/api-docs/secret/databases/influxdb.mdx;website/content/api-docs/secret/databases/mysql-maria.mdx;website/content/api-docs/secret/databases/postgresql.mdx;website/content/api-docs/secret/databases/valkey.mdx,connection_url;disable_escaping;password;username;allowed_roles;connect_timeout;connection_url;consistency;disable_escaping;host;hosts;insecure_tls;local_datacenter;max_connection_lifetime;max_idle_connections;max_open_connections;name;password;password;password_authentication;password_policy;pem_bundle;pem_json;plugin_name;plugin_version;port;port;port;protocol_version;root_rotation_statements;skip_verification;socket_keep_alive;tls;tls;tls_ca;tls_certificate_key;tls_server_name;tls_skip_verify;username;username;username_template;verify_connection,,exact-pattern,database-configure-connection,,,,,,required,required,,,,
GET /database/creds/:name,secret,GET,/database/creds/:name,unverified,typed,website/content/api-docs/secret/databases/index.mdx,name,data;data.password;data.username,exact-pattern,database-generate-credentials,,,,,,required,required,,,,
POST /database/reset/:name,secret,POST,/database/reset/:name,unverified,typed,website/content/api-docs/secret/databases/index.mdx,name,,exact-pattern,database-reset-connection,,,,,,required,required,,,,
LIST /database/roles,secret,LIST,/database/roles,unverified,typed,website/content/api-docs/secret/databases/index.mdx,after;limit,auth;data;data.keys;lease_duration;lease_id;renewable,exact-pattern,database-list-roles,,,,,,required,required,,,,
DELETE /database/roles/:name,secret,DELETE,/database/roles/:name,unverified,typed,website/content/api-docs/secret/databases/index.mdx,name,,exact-pattern,database-delete-role,,,,,,required,required,,,,
GET /database/roles/:name,secret,GET,/database/roles/:name,unverified,typed,website/content/api-docs/secret/databases/index.mdx,name,data;data.creation_statements;data.credential_type;data.db_name;data.default_ttl;data.max_ttl;data.renew_statements;data.revocation_statements;data.rollback_statements,exact-pattern,database-read-role,,,,,,required,required,,,,
POST /database/roles/:name,secret,POST,/database/roles/:name,unverified,typed,website/content/api-docs/secret/databases/index.mdx,ca_cert;ca_private_key;common_name_template;creation_statements;credential_config;credential_type;db_name;default_ttl;format;key_bits;key_type;max_ttl;name;password_policy;renew_statements;revocation_statements;rollback_statements;signature_bits,,exact-pattern,database-write-role,,,,,,required,required,,,,
POST /database/rotate-role/:name,secret,POST,/database/rotate-role/:name,unverified,typed,website/content/api-docs/secret/databases/index.mdx,name,,exact-pattern,database-rotate-static-role-credentials,,,,,,required,required,,,,
POST /database/rotate-root/:name,secret,POST,/database/rotate-root/:name,unverified,typed,website/content/api-docs/secret/databases/index.mdx,name,,exact-pattern,database-rotate-root-credentials,,,,,,required,required,,,,
GET /database/static-creds/:name,secret,GET,/database/static-creds/:name,unverified,typed,website/content/api-docs/secret/databases/index.mdx,name,data;data.last_openbao_rotation;data.password;data.rotation_period;data.ttl;data.username,exact-pattern,database-read-static-role-credentials,,,,,,required,required,,,,
LIST /database/static-roles,secret,LIST,/database/static-roles,unverified,typed,website/content/api-docs/secret/databases/index.mdx,after;limit,auth;data;data.keys,exact-pattern,database-list-static-roles,,,,,,required,required,,,,
DELETE /database/static-roles/:name,secret,DELETE,/database/static-roles/:name,unverified,typed,website/content/api-docs/secret/databases/index.mdx,name,,exact-pattern,database-delete-static-role,,,,,,required,required,,,,
GET /database/static-roles/:name,secret,GET,/database/static-roles/:name,unverified,typed,website/content/api-docs/secret/databases/index.mdx,name,data;data.credential_type;data.db_name;data.rotation_period;data.rotation_statements;data.username,exact-pattern,database-read-static-role,,,,,,required,required,,,,
POST /database/static-roles/:name,secret,POST,/database/static-roles/:name,unverified,typed,website/content/api-docs/secret/databases/index.mdx,ca_cert;ca_private_key;common_name_template;credential_config;credential_type;db_name;format;key_bits;key_type;name;password_policy;rotation_period;rotation_statements;signature_bits;username,,exact-pattern,database-write-static-role,,,,,,required,required,,,,
POST /identity/entity,secret,POST,/identity/entity,unverified,typed,website/content/api-docs/secret/identity/entity.mdx,disabled;id;metadata;name;policies,data;data.aliases;data.id,exact-pattern,entity-create,,,,,,required,required,,,,
POST /identity/entity-alias,secret,POST,/identity/entity-alias,unverified,typed,website/content/api-docs/secret/identity/entity-alias.mdx,canonical_id;custom_metadata;id;mount_accessor;name,data;data.canonical_id;data.id,exact-pattern,entity-create-alias,,,,,,required,required,,,,
LIST /identity/entity-alias/id,secret,LIST,/identity/entity-alias/id,unverified,typed,website/content/api-docs/secret/identity/entity-alias.mdx,,data;data.key_info;data.key_info.35405f3c-884a-a3ff-4176-bac57f220811;data.key_info.35405f3c-884a-a3ff-4176-bac57f220811.canonical_id;data.key_info.35405f3c-884a-a3ff-4176-bac57f220811.custom_metadata;data.key_info.35405f3c-884a-a3ff-4176-bac57f220811.local;data.key_info.35405f3c-884a-a3ff-4176-bac57f220811.mount_accessor;data.key_info.35405f3c-884a-a3ff-4176-bac57f220811.mount_path;data.key_info.35405f3c-884a-a3ff-4176-bac57f220811.mount_type;data.key_info.35405f3c-884a-a3ff-4176-bac57f220811.name;data.key_info.4065d8c7-4fa6-db9d-e190-f9644c09638a;data.key_info.4065d8c7-4fa6-db9d-e190-f9644c09638a.canonical_id;data.key_info.4065d8c7-4fa6-db9d-e190-f9644c09638a.custom_metadata;data.key_info.4065d8c7-4fa6-db9d-e190-f9644c09638a.local;data.key_info.4065d8c7-4fa6-db9d-e190-f9644c09638a.mount_accessor;data.key_info.4065d8c7-4fa6-db9d-e190-f9644c09638a.mount_path;data.key_info.4065d8c7-4fa6-db9d-e190-f9644c09638a.mount_type;data.key_info.4065d8c7-4fa6-db9d-e190-f9644c09638a.name;data.keys,exact-pattern,entity-list-aliases-by-id,,,,,,required,required,,,,
DELETE /identity/entity-alias/id/:id,secret,DELETE,/identity/entity-alias/id/:id,unverified,typed,website/content/api-docs/secret/identity/entity-alias.mdx,id,,exact-pattern,entity-delete-alias-by-id,,,,,,required,required,,,,
GET /identity/entity-alias/id/:id,secret,GET,/identity/entity-alias/id/:id,unverified,typed,website/content/api-docs/secret/identity/entity-alias.mdx,id,data;data.canonical_id;data.creation_time;data.custom_metadata;data.custom_metadata.contact_email;data.id;data.last_update_time;data.local;data.metadata;data.metadata.group;data.metadata.region;data.mount_accessor;data.mount_path;data.mount_type;data.name,exact-pattern,entity-read-alias-by-id,,,,,,required,required,,,,
POST /identity/entity-alias/id/:id,secret,POST,/identity/entity-alias/id/:id,unverified,typed,website/content/api-docs/secret/identity/entity-alias.mdx,canonical_id;custom_metadata;id;mount_accessor;name,data;data.canonical_id;data.id,exact-pattern,entity-update-alias-by-id,,,,,,required,required,,,,
GET /identity/entity-alias/id?list=true,secret,GET,/identity/entity-alias/id?list=true,unverified,typed,website/content/api-docs/secret/identity/entity-alias.mdx,,data;data.key_info;data.key_info.35405f3c-884a-a3ff-4176-bac57f220811;data.key_info.35405f3c-884a-a3ff-4176-bac57f220811.canonical_id;data.key_info.35405f3c-884a-a3ff-4176-bac57f220811.custom_metadata;data.key_info.35405f3c-884a-a3ff-4176-bac57f220811.local;data.key_info.35405f3c-884a-a3ff-4176-bac57f220811.mount_accessor;data.key_info.35405f3c-884a-a3ff-4176-bac57f220811.mount_path;data.key_info.35405f3c-884a-a3ff-4176-bac57f220811.mount_type;data.key_info.35405f3c-884a-a3ff-4176-bac57f220811.name;data.key_info.4065d8c7-4fa6-db9d-e190-f9644c09638a;data.key_info.4065d8c7-4fa6-db9d-e190-f9644c09638a.canonical_id;data.key_info.4065d8c7-4fa6-db9d-e190-f9644c09638a.custom_metadata;data.key_info.4065d8c7-4fa6-db9d-e190-f9644c09638a.local;data.key_info.4065d8c7-4fa6-db9d-e190-f9644c09638a.mount_accessor;data.key_info.4065d8c7-4fa6-db9d-e190-f9644c09638a.mount_path;data.key_info.4065d8c7-4fa6-db9d-e190-f9644c09638a.mount_type;data.key_info.4065d8c7-4fa6-db9d-e190-f9644c09638a.name;data.keys,exact-pattern,entity-list-aliases-by-id,,,,,,required,required,,,,
POST /identity/entity/batch-delete,secret,POST,/identity/entity/batch-delete,unverified,typed,website/content/api-docs/secret/identity/entity.mdx,entity_ids,,exact-pattern,entity-batch-delete,,,,,,required,required,,,,
LIST /identity/entity/id,secret,LIST,/identity/entity/id,unverified,typed,website/content/api-docs/secret/identity/entity.mdx,,data;data.keys,exact-pattern,entity-list-by-id,,,,,,required,required,,,,
DELETE /identity/entity/id/:id,secret,DELETE,/identity/entity/id/:id,unverified,typed,website/content/api-docs/secret/identity/entity.mdx,id,,exact-pattern,entity-delete-by-id,,,,,,required,required,,,,
GET /identity/entity/id/:id,secret,GET,/identity/entity/id/:id,unverified,typed,website/content/api-docs/secret/identity/entity.mdx,id,data;data.aliases;data.bucket_key_hash;data.creation_time;data.disabled;data.id;data.last_update_time;data.metadata;data.metadata.organization;data.metadata.team;data.name;data.policies,exact-pattern,entity-read-by-id,,,,,,required,required,,,,
POST /identity/entity/id/:id,secret,POST,/identity/entity/id/:id,unverified,typed,website/content/api-docs/secret/identity/entity.mdx,disabled;id;metadata;name;policies,data;data.aliases;data.id,exact-pattern,entity-update-by-id,,,,,,required,required,,,,
GET /identity/entity/id?list=true,secret,GET,/identity/entity/id?list=true,unverified,typed,website/content/api-docs/secret/identity/entity.mdx,,data;data.keys,exact-pattern,entity-list-by-id,,,,,,required,required,,,,
POST /identity/entity/merge,secret,POST,/identity/entity/merge,unverified,typed,website/content/api-docs/secret/identity/entity.mdx,conflicting_alias_ids_to_keep;force;from_entity_ids;to_entity_id,,exact-pattern,entity-merge,,,,,,required,required,,,,
LIST /identity/entity/name,secret,LIST,/identity/entity/name,unverified,typed,website/content/api-docs/secret/identity/entity.mdx,,data;data.keys,exact-pattern,entity-list-by-name,,,,,,required,required,,,,
DELETE /identity/entity/name/:name,secret,DELETE,/identity/entity/name/:name,unverified,typed,website/content/api-docs/secret/identity/entity.mdx,name,,exact-pattern,entity-delete-by-name,,,,,,required,required,,,,
GET /identity/entity/name/:name,secret,GET,/identity/entity/name/:name,unverified,typed,website/content/api-docs/secret/identity/entity.mdx,name,data;data.aliases;data.creation_time;data.direct_group_ids;data.disabled;data.group_ids;data.id;data.inherited_group_ids;data.last_update_time;data.merged_entity_ids;data.metadata;data.metadata.organization;data.metadata.team;data.name;data.policies,exact-pattern,entity-read-by-name,,,,,,required,required,,,,
POST /identity/entity/name/:name,secret,POST,/identity/entity/name/:name,unverified,typed,website/content/api-docs/secret/identity/entity.mdx,disabled;metadata;name;policies,data;data.aliases;data.id,exact-pattern,entity-update-by-name,,,,,,required,required,,,,
GET /identity/entity/name?list=true,secret,GET,/identity/entity/name?list=true,unverified,typed,website/content/api-docs/secret/identity/entity.mdx,,data;data.keys,exact-pattern,entity-list-by-name,,,,,,required,required,,,,
POST /identity/group,secret,POST,/identity/group,unverified,typed,website/content/api-docs/secret/identity/group.mdx,id;member_entity_ids;member_group_ids;metadata;name;policies;type,data;data.id;data.name,exact-pattern,group-create,,,,,,required,required,,,,
POST /identity/group-alias,secret,POST,/identity/group-alias,unverified,typed,website/content/api-docs/secret/identity/group-alias.mdx,canonical_id;id;mount_accessor;name,data;data.canonical_id;data.id,exact-pattern,group-create-alias,,,,,,required,required,,,,
LIST /identity/group-alias/id,secret,LIST,/identity/group-alias/id,unverified,typed,website/content/api-docs/secret/identity/group-alias.mdx,,data;data.keys,exact-pattern,group-list-aliases-by-id,,,,,,required,required,,,,
DELETE /identity/group-alias/id/:id,secret,DELETE,/identity/group-alias/id/:id,unverified,typed,website/content/api-docs/secret/identity/group-alias.mdx,,,exact-pattern,group-delete-alias-by-id,,,,,,required,required,,,,
GET /identity/group-alias/id/:id,secret,GET,/identity/group-alias/id/:id,unverified,typed,website/content/api-docs/secret/identity/group-alias.mdx,id,data;data.canonical_id;data.creation_time;data.id;data.last_update_time;data.merged_from_canonical_ids;data.metadata;data.mount_accessor;data.mount_path;data.mount_type;data.name,exact-pattern,group-read-alias-by-id,,,,,,required,required,,,,
POST /identity/group-alias/id/:id,secret,POST,/identity/group-alias/id/:id,unverified,typed,website/content/api-docs/secret/identity/group-alias.mdx,canonical_id;id;mount_accessor;name,data;data.canonical_id;data.id,exact-pattern,group-update-alias-by-id,,,,,,required,required,,,,
GET /identity/group-alias/id?list=true,secret,GET,/identity/group-alias/id?list=true,unverified,typed,website/content/api-docs/secret/identity/group-alias.mdx,,data;data.keys,exact-pattern,group-list-aliases-by-id,,,,,,required,required,,,,
LIST /identity/group/id,secret,LIST,/identity/group/id,unverified,typed,website/content/api-docs/secret/identity/group.mdx,,data;data.keys,exact-pattern,group-list-by-id,,,,,,required,required,,,,
DELETE /identity/group/id/:id,secret,DELETE,/identity/group/id/:id,unverified,typed,website/content/api-docs/secret/identity/group.mdx,,,exact-pattern,group-delete-by-id,,,,,,required,required,,,,
GET /identity/group/id/:id,secret,GET,/identity/group/id/:id,unverified,typed,website/content/api-docs/secret/identity/group.mdx,id,data;data.alias;data.creation_time;data.id;data.last_update_time;data.member_entity_ids;data.member_group_ids;data.metadata;data.metadata.hello;data.modify_index;data.name;data.policies;data.type,exact-pattern,group-read-by-id,,,,,,required,required,,,,
POST /identity/group/id/:id,secret,POST,/identity/group/id/:id,unverified,typed,website/content/api-docs/secret/identity/group.mdx,id;member_entity_ids;member_group_ids;metadata;name;policies;type,data;data.id;data.name,exact-pattern,group-update-by-id,,,,,,required,required,,,,
GET /identity/group/id?list=true,secret,GET,/identity/group/id?list=true,unverified,typed,website/content/api-docs/secret/identity/group.mdx,,data;data.keys,exact-pattern,group-list-by-id,,,,,,required,required,,,,
LIST /identity/group/name,secret,LIST,/identity/group/name,unverified,typed,website/content/api-docs/secret/identity/group.mdx,,data;data.keys,exact-pattern,group-list-by-name,,,,,,required,required,,,,
DELETE /identity/group/name/:name,secret,DELETE,/identity/group/name/:name,unverified,typed,website/content/api-docs/secret/identity/group.mdx,,,exact-pattern,group-delete-by-name,,,,,,required,required,,,,
GET /identity/group/name/:name,secret,GET,/identity/group/name/:name,unverified,typed,website/content/api-docs/secret/identity/group.mdx,name,data;data.alias;data.creation_time;data.id;data.last_update_time;data.member_entity_ids;data.member_group_ids;data.metadata;data.metadata.foo;data.modify_index;data.name;data.parent_group_ids;data.policies;data.type,exact-pattern,group-read-by-name,,,,,,required,required,,,,
POST /identity/group/name/:name,secret,POST,/identity/group/name/:name,unverified,typed,website/content/api-docs/secret/identity/group.mdx,member_entity_ids;member_group_ids;metadata;name;policies;type,data;data.id;data.name;lease_duration;lease_id;renewable;request_id;warnings,exact-pattern,group-update-by-name,,,,,,required,required,,,,
GET /identity/group/name?list=true,secret,GET,/identity/group/name?list=true,unverified,typed,website/content/api-docs/secret/identity/group.mdx,,data;data.keys,exact-pattern,group-list-by-name,,,,,,required,required,,,,
POST /identity/lookup/entity,secret,POST,/identity/lookup/entity,unverified,typed,website/content/api-docs/secret/identity/lookup.mdx,alias_id;alias_mount_accessor;alias_name;id;name,data;data.aliases;data.creation_time;data.direct_group_ids;data.group_ids;data.id;data.inherited_group_ids;data.last_update_time;data.merged_entity_ids;data.metadata;data.name;data.policies,exact-pattern,entity-look-up,,,,,,required,required,,,,
POST /identity/lookup/group,secret,POST,/identity/lookup/group,unverified,typed,website/content/api-docs/secret/identity/lookup.mdx,alias_id;alias_mount_accessor;alias_name;id;name,data;data.alias;data.creation_time;data.id;data.last_update_time;data.member_entity_ids;data.member_group_ids;data.metadata;data.modify_index;data.name;data.policies;data.type,exact-pattern,group-look-up,,,,,,required,required,,,,
LIST /identity/mfa/login-enforcement,secret,LIST,/identity/mfa/login-enforcement,unverified,typed,website/content/api-docs/secret/identity/mfa/login-enforcement.mdx,,data;data.keys,exact-pattern,mfa-list-login-enforcements,,,,,,required,required,,,,
DELETE /identity/mfa/login-enforcement/:name,secret,DELETE,/identity/mfa/login-enforcement/:name,unverified,typed,website/content/api-docs/secret/identity/mfa/login-enforcement.mdx,name,,exact-pattern,mfa-delete-login-enforcement,,,,,,required,required,,,,
GET /identity/mfa/login-enforcement/:name,secret,GET,/identity/mfa/login-enforcement/:name,unverified,typed,website/content/api-docs/secret/identity/mfa/login-enforcement.mdx,name,data;data.auth_method_accessors;data.auth_method_types;data.id;data.identity_entity_ids;data.identity_group_ids;data.mfa_method_ids;data.name;data.namespace_id,exact-pattern,mfa-read-login-enforcement,,,,,,required,required,,,,
POST /identity/mfa/login-enforcement/:name,secret,POST,/identity/mfa/login-enforcement/:name,unverified,typed,website/content/api-docs/secret/identity/mfa/login-enforcement.mdx,auth_method_accessors;auth_method_types;identity_entity_ids;identity_group_ids;mfa_method_ids;name,,exact-pattern,mfa-write-login-enforcement,,,,,,required,required,,,,
LIST /identity/mfa/method/duo,secret,LIST,/identity/mfa/method/duo,unverified,typed,website/content/api-docs/secret/identity/mfa/duo.mdx,,data;data.keys,exact-pattern,mfa-list-duo-methods,,,,,,required,required,,,,
DELETE /identity/mfa/method/duo/:id,secret,DELETE,/identity/mfa/method/duo/:id,unverified,typed,website/content/api-docs/secret/identity/mfa/duo.mdx,id,,exact-pattern,mfa-delete-duo-method,,,,,,required,required,,,,
GET /identity/mfa/method/duo/:id,secret,GET,/identity/mfa/method/duo/:id,unverified,typed,website/content/api-docs/secret/identity/mfa/duo.mdx,id,data;data.api_hostname;data.id;data.integration_key;data.pushinfo;data.secret_key;data.type;data.use_passcode;data.username_format,exact-pattern,mfa-read-duo-method-configuration,,,,,,required,required,,,,
POST /identity/mfa/method/duo/:method_id,secret,POST,/identity/mfa/method/duo/:method_id,unverified,typed,website/content/api-docs/secret/identity/mfa/duo.mdx,api_hostname;integration_key;method_id;method_name;push_info;secret_key;use_passcode;username_format,,exact-pattern,mfa-configure-duo-method,,,,,,required,required,,,,
LIST /identity/mfa/method/okta,secret,LIST,/identity/mfa/method/okta,unverified,typed,website/content/api-docs/secret/identity/mfa/okta.mdx,,data;data.keys,exact-pattern,mfa-list-okta-methods,,,,,,required,required,,,,
DELETE /identity/mfa/method/okta/:id,secret,DELETE,/identity/mfa/method/okta/:id,unverified,typed,website/content/api-docs/secret/identity/mfa/okta.mdx,id,,exact-pattern,mfa-delete-okta-method,,,,,,required,required,,,,
GET /identity/mfa/method/okta/:id,secret,GET,/identity/mfa/method/okta/:id,unverified,typed,website/content/api-docs/secret/identity/mfa/okta.mdx,id,data;data.api_token;data.id;data.name;data.org_name;data.type;data.username_format,exact-pattern,mfa-read-okta-method-configuration,,,,,,required,required,,,,
POST /identity/mfa/method/okta/:method_id,secret,POST,/identity/mfa/method/okta/:method_id,unverified,typed,website/content/api-docs/secret/identity/mfa/okta.mdx,api_token;base_url;method_id;method_name;org_name;primary_email;username_format,,exact-pattern,mfa-configure-okta-method,,,,,,required,required,,,,
LIST /identity/mfa/method/pingid,secret,LIST,/identity/mfa/method/pingid,unverified,typed,website/content/api-docs/secret/identity/mfa/pingid.mdx,,data;data.keys,exact-pattern,mfa-list-ping-id-methods,,,,,,required,required,,,,
DELETE /identity/mfa/method/pingid/:id,secret,DELETE,/identity/mfa/method/pingid/:id,unverified,typed,website/content/api-docs/secret/identity/mfa/pingid.mdx,id,,exact-pattern,mfa-delete-ping-id-method,,,,,,required,required,,,,
GET /identity/mfa/method/pingid/:id,secret,GET,/identity/mfa/method/pingid/:id,unverified,typed,website/content/api-docs/secret/identity/mfa/pingid.mdx,id,,exact-pattern,mfa-read-ping-id-method-configuration,,,,,,required,required,,,,
POST /identity/mfa/method/pingid/:method_id,secret,POST,/identity/mfa/method/pingid/:method_id,unverified,typed,website/content/api-docs/secret/identity/mfa/pingid.mdx,method_id;method_name;settings_file_base64;username_format,,exact-pattern,mfa-configure-ping-id-method,,,,,,required,required,,,,
LIST /identity/mfa/method/totp,secret,LIST,/identity/mfa/method/totp,unverified,typed,website/content/api-docs/secret/identity/mfa/totp.mdx,,data;data.keys,exact-pattern,mfa-list-totp-methods,,,,,,required,required,,,,
DELETE /identity/mfa/method/totp/:id,secret,DELETE,/identity/mfa/method/totp/:id,unverified,typed,website/content/api-docs/secret/identity/mfa/totp.mdx,id,,exact-pattern,mfa-delete-totp-method,,,,,,required,required,,,,
GET /identity/mfa/method/totp/:id,secret,GET,/identity/mfa/method/totp/:id,unverified,typed,website/content/api-docs/secret/identity/mfa/totp.mdx,id,data;data.algorithm;data.digits;data.id;data.issuer;data.key_size;data.namespace;data.period;data.qr_size;data.skew;data.type,exact-pattern,mfa-read-totp-method-configuration,,,,,,required,required,,,,
POST /identity/mfa/method/totp/:method_id,secret,POST,/identity/mfa/method/totp/:method_id,unverified,typed,website/content/api-docs/secret/identity/mfa/totp.mdx,algorithm;digits;issuer;key_size;max_validation_attempts;method_id;method_name;period;qr_size;skew,,exact-pattern,mfa-configure-totp-method,,,,,,required,required,,,,
POST /identity/mfa/method/totp/admin-destroy,secret,POST,/identity/mfa/method/totp/admin-destroy,unverified,typed,website/content/api-docs/secret/identity/mfa/totp.mdx,entity_id;method_id,data;data.barcode;data.url,exact-pattern,mfa-admin-destroy-totp-secret,,,,,,required,required,,,,
POST /identity/mfa/method/totp/admin-generate,secret,POST,/identity/mfa/method/totp/admin-generate,unverified,typed,website/content/api-docs/secret/identity/mfa/totp.mdx,entity_id;method_id,data;data.barcode;data.url,exact-pattern,mfa-admin-generate-totp-secret,,,,,,required,required,,,,
POST /identity/mfa/method/totp/generate,secret,POST,/identity/mfa/method/totp/generate,unverified,typed,website/content/api-docs/secret/identity/mfa/totp.mdx,method_id,data;data.barcode;data.url,exact-pattern,mfa-generate-totp-secret,,,,,,required,required,,,,
GET /identity/oidc/.well-known/openid-configuration,secret,GET,/identity/oidc/.well-known/openid-configuration,unverified,typed,website/content/api-docs/secret/identity/tokens.mdx,,authorization_endpoint;claims_supported;id_token_signing_alg_values_supported;issuer;jwks_uri;response_types_supported;scopes_supported;subject_types_supported;token_endpoint;token_endpoint_auth_methods_supported,exact-pattern,oidc-read-open-id-configuration,,,,,,required,required,,,,
LIST /identity/oidc/assignment,secret,LIST,/identity/oidc/assignment,unverified,typed,website/content/api-docs/secret/identity/oidc-provider.mdx,,data;data.keys,exact-pattern,oidc-list-assignments,,,,,,required,required,,,,
DELETE /identity/oidc/assignment/:name,secret,DELETE,/identity/oidc/assignment/:name,unverified,typed,website/content/api-docs/secret/identity/oidc-provider.mdx,name,,exact-pattern,oidc-delete-assignment,,,,,,required,required,,,,
GET /identity/oidc/assignment/:name,secret,GET,/identity/oidc/assignment/:name,unverified,typed,website/content/api-docs/secret/identity/oidc-provider.mdx,name,data;data.entity_ids;data.group_ids,exact-pattern,oidc-read-assignment,,,,,,required,required,,,,
POST /identity/oidc/assignment/:name,secret,POST,/identity/oidc/assignment/:name,unverified,typed,website/content/api-docs/secret/identity/oidc-provider.mdx,entity_ids;group_ids;name,,exact-pattern,oidc-write-assignment,,,,,,required,required,,,,
LIST /identity/oidc/client,secret,LIST,/identity/oidc/client,unverified,typed,website/content/api-docs/secret/identity/oidc-provider.mdx,,data;data.key_info;data.key_info.my-app;data.key_info.my-app.access_token_ttl;data.key_info.my-app.assignments;data.key_info.my-app.client_id;data.key_info.my-app.client_type;data.key_info.my-app.id_token_ttl;data.key_info.my-app.key;data.key_info.my-app.redirect_uris;data.keys,exact-pattern,oidc-list-clients,,,,,,required,required,,,,
DELETE /identity/oidc/client/:name,secret,DELETE,/identity/oidc/client/:name,unverified,typed,website/content/api-docs/secret/identity/oidc-provider.mdx,name,,exact-pattern,oidc-delete-client,,,,,,required,required,,,,
GET /identity/oidc/client/:name,secret,GET,/identity/oidc/client/:name,unverified,typed,website/content/api-docs/secret/identity/oidc-provider.mdx,name,data;data.access_token_ttl;data.assignments;data.client_id;data.client_secret;data.client_type;data.id_token_ttl;data.key;data.redirect_uris,exact-pattern,oidc-read-client,,,,,,required,required,,,,
POST /identity/oidc/client/:name,secret,POST,/identity/oidc/client/:name,unverified,typed,website/content/api-docs/secret/identity/oidc-provider.mdx,access_token_ttl;assignments;client_type;id_token_ttl;key;name;redirect_uris,,exact-pattern,oidc-write-client,,,,,,required,required,,,,
GET /identity/oidc/config,secret,GET,/identity/oidc/config,unverified,typed,website/content/api-docs/secret/identity/tokens.mdx,,data;data.issuer,exact-pattern,oidc-read-configuration,,,,,,required,required,,,,
POST /identity/oidc/config,secret,POST,/identity/oidc/config,unverified,typed,website/content/api-docs/secret/identity/tokens.mdx,issuer,data;warnings,exact-pattern,oidc-configure,,,,,,required,required,,,,
POST /identity/oidc/introspect,secret,POST,/identity/oidc/introspect,unverified,typed,website/content/api-docs/secret/identity/tokens.mdx,client_id;token,active,exact-pattern,oidc-introspect,,,,,,required,required,,,,
LIST /identity/oidc/key,secret,LIST,/identity/oidc/key,unverified,typed,website/content/api-docs/secret/identity/tokens.mdx,,data;data.keys,exact-pattern,oidc-list-keys,,,,,,required,required,,,,
DELETE /identity/oidc/key/:name,secret,DELETE,/identity/oidc/key/:name,unverified,typed,website/content/api-docs/secret/identity/tokens.mdx,name,,exact-pattern,oidc-delete-key,,,,,,required,required,,,,
GET /identity/oidc/key/:name,secret,GET,/identity/oidc/key/:name,unverified,typed,website/content/api-docs/secret/identity/tokens.mdx,name,data;data.algorithm;data.rotation_period;data.verification_ttl,exact-pattern,oidc-read-key,,,,,,required,required,,,,
POST /identity/oidc/key/:name,secret,POST,/identity/oidc/key/:name,unverified,typed,website/content/api-docs/secret/identity/tokens.mdx,algorithm;allowed_client_ids;name;rotation_period;verification_ttl,,exact-pattern,oidc-write-key,,,,,,required,required,,,,
POST /identity/oidc/key/:name/rotate,secret,POST,/identity/oidc/key/:name/rotate,unverified,typed,website/content/api-docs/secret/identity/tokens.mdx,name;verification_ttl,,exact-pattern,oidc-rotate-key,,,,,,required,required,,,,
LIST /identity/oidc/provider,secret,LIST,/identity/oidc/provider,unverified,typed,website/content/api-docs/secret/identity/oidc-provider.mdx,allowed_client_id,data;data.key_info;data.key_info.default;data.key_info.default.allowed_client_ids;data.key_info.default.issuer;data.key_info.default.scopes_supported;data.keys,exact-pattern,oidc-list-providers,,,,,,required,required,,,,
DELETE /identity/oidc/provider/:name,secret,DELETE,/identity/oidc/provider/:name,unverified,typed,website/content/api-docs/secret/identity/oidc-provider.mdx,name,,exact-pattern,oidc-delete-provider,,,,,,required,required,,,,
GET /identity/oidc/provider/:name,secret,GET,/identity/oidc/provider/:name,unverified,typed,website/content/api-docs/secret/identity/oidc-provider.mdx,name,data;data.allowed_client_ids;data.issuer;data.scopes_supported,exact-pattern,oidc-read-provider,,,,,,required,required,,,,
POST /identity/oidc/provider/:name,secret,POST,/identity/oidc/provider/:name,unverified,typed,website/content/api-docs/secret/identity/oidc-provider.mdx,allowed_client_ids;issuer;name;scopes_supported,,exact-pattern,oidc-write-provider,,,,,,required,required,,,,
GET /identity/oidc/provider/:name/.well-known/keys,secret,GET,/identity/oidc/provider/:name/.well-known/keys,unverified,typed,website/content/api-docs/secret/identity/oidc-provider.mdx,name,keys;keys[].alg;keys[].e;keys[].kid;keys[].kty;keys[].n;keys[].use,exact-pattern,oidc-read-provider-public-keys,,,,,,required,required,,,,
GET /identity/oidc/provider/:name/.well-known/openid-configuration,secret,GET,/identity/oidc/provider/:name/.well-known/openid-configuration,unverified,typed,website/content/api-docs/secret/identity/oidc-provider.mdx,name,authorization_endpoint;grant_types_supported;id_token_signing_alg_values_supported;issuer;jwks_uri;request_parameter_supported;request_uri_parameter_supported;response_types_supported;scopes_supported;subject_types_supported;token_endpoint;token_endpoint_auth_methods_supported;userinfo_endpoint,exact-pattern,oidc-read-provider-open-id-configuration,,,,,,required,required,,,,
GET/POST /identity/oidc/provider/:name/authorize,secret,GET/POST,/identity/oidc/provider/:name/authorize,confirmed-gap,external,website/content/api-docs/secret/identity/oidc-provider.mdx,client_id;code_challenge;code_challenge_method;max_age;name;nonce;redirect_uri;response_type;scope;state,code;state,exact-pattern;exact-pattern,oidc-provider-authorize;oidc-provider-authorize-with-parameters,,,,,,required,required,,,,
POST /identity/oidc/provider/:name/token,secret,POST,/identity/oidc/provider/:name/token,confirmed-gap,external,website/content/api-docs/secret/identity/oidc-provider.mdx,Authorization: Basic;client_id;client_secret;code;code_verifier;grant_type;name;redirect_uri;scope,access_token;expires_in;id_token;token_type,exact-pattern,oidc-provider-token,,,,,,required,required,,,,
POST /identity/oidc/provider/:name/userinfo,secret,POST,/identity/oidc/provider/:name/userinfo,confirmed-gap,external,website/content/api-docs/secret/identity/oidc-provider.mdx,name,contact;contact.email;contact.phone_number;groups;sub;username,exact-pattern,oidc-provider-user-info2,,,,,,required,required,,,,
LIST /identity/oidc/role,secret,LIST,/identity/oidc/role,unverified,typed,website/content/api-docs/secret/identity/tokens.mdx,,data;data.keys,exact-pattern,oidc-list-roles,,,,,,required,required,,,,
DELETE /identity/oidc/role/:name,secret,DELETE,/identity/oidc/role/:name,unverified,typed,website/content/api-docs/secret/identity/tokens.mdx,name,,exact-pattern,oidc-delete-role,,,,,,required,required,,,,
GET /identity/oidc/role/:name,secret,GET,/identity/oidc/role/:name,unverified,typed,website/content/api-docs/secret/identity/tokens.mdx,name,data;data.client_id;data.key;data.template;data.ttl,exact-pattern,oidc-read-role,,,,,,required,required,,,,
POST /identity/oidc/role/:name,secret,POST,/identity/oidc/role/:name,unverified,typed,website/content/api-docs/secret/identity/tokens.mdx,client_id;key;name;template;ttl,,exact-pattern,oidc-write-role,,,,,,required,required,,,,
LIST /identity/oidc/scope,secret,LIST,/identity/oidc/scope,unverified,typed,website/content/api-docs/secret/identity/oidc-provider.mdx,,data;data.keys,exact-pattern,oidc-list-scopes,,,,,,required,required,,,,
DELETE /identity/oidc/scope/:name,secret,DELETE,/identity/oidc/scope/:name,unverified,typed,website/content/api-docs/secret/identity/oidc-provider.mdx,name,,exact-pattern,oidc-delete-scope,,,,,,required,required,,,,
GET /identity/oidc/scope/:name,secret,GET,/identity/oidc/scope/:name,unverified,typed,website/content/api-docs/secret/identity/oidc-provider.mdx,name,data;data.description;data.template,exact-pattern,oidc-read-scope,,,,,,required,required,,,,
POST /identity/oidc/scope/:name,secret,POST,/identity/oidc/scope/:name,unverified,typed,website/content/api-docs/secret/identity/oidc-provider.mdx,description;name;template,,exact-pattern,oidc-write-scope,,,,,,required,required,,,,
GET /identity/oidc/token/:name,secret,GET,/identity/oidc/token/:name,unverified,typed,website/content/api-docs/secret/identity/tokens.mdx,name,data;data.client_id;data.token;data.ttl,exact-pattern,oidc-generate-token,,,,,,required,required,,,,
DELETE /kubernetes/config,secret,DELETE,/kubernetes/config,unverified,typed,website/content/api-docs/secret/kubernetes.mdx,,,exact-pattern,kubernetes-delete-configuration,,,,,,required,required,,,,
GET /kubernetes/config,secret,GET,/kubernetes/config,unverified,typed,website/content/api-docs/secret/kubernetes.mdx,,data;data.disable_local_ca_jwt;data.kubernetes_ca_cert;data.kubernetes_host,exact-pattern,kubernetes-read-configuration,,,,,,required,required,,,,
POST /kubernetes/config,secret,POST,/kubernetes/config,unverified,typed,website/content/api-docs/secret/kubernetes.mdx,disable_local_ca_jwt;kubernetes_ca_cert;kubernetes_host;service_account_jwt,,exact-pattern,kubernetes-configure,,,,,,required,required,,,,
POST /kubernetes/creds/:role,secret,POST,/kubernetes/creds/:role,unverified,typed,website/content/api-docs/secret/kubernetes.mdx,audiences;cluster_role_binding;kubernetes_namespace;role;ttl,data;data.service_account_name;data.service_account_namespace;data.service_account_token;lease_duration;lease_id;renewable;request_id,exact-pattern,kubernetes-generate-credentials,,,,,,required,required,,,,
LIST /kubernetes/roles,secret,LIST,/kubernetes/roles,unverified,typed,website/content/api-docs/secret/kubernetes.mdx,after;limit,data;data.keys,exact-pattern,kubernetes-list-roles,,,,,,required,required,,,,
GET /kubernetes/roles/:name,secret,GET,/kubernetes/roles/:name,unverified,typed,website/content/api-docs/secret/kubernetes.mdx,name,data;data.additional_metadata;data.allowed_kubernetes_namespaces;data.generated_role_rules;data.kubernetes_role_name;data.kubernetes_role_type;data.name;data.name_template;data.service_account_name;data.token_default_ttl;data.token_max_ttl,exact-pattern,kubernetes-read-role,,,,,,required,required,,,,
POST /kubernetes/roles/:name,secret,POST,/kubernetes/roles/:name,unverified,typed,website/content/api-docs/secret/kubernetes.mdx,allowed_kubernetes_namespace_selector;allowed_kubernetes_namespaces;extra_annotations;extra_labels;generated_role_rules;kubernetes_role_name;kubernetes_role_type;name;name_template;service_account_name;token_default_audiences;token_default_ttl;token_max_ttl,,exact-pattern,kubernetes-write-role,,,,,,required,required,,,,
DELETE /kubernetes/roles/:role,secret,DELETE,/kubernetes/roles/:role,unverified,typed,website/content/api-docs/secret/kubernetes.mdx,role,,exact-pattern,kubernetes-delete-role,,,,,,required,required,,,,
GET /kubernetes/roles?list=true,secret,GET,/kubernetes/roles?list=true,unverified,typed,website/content/api-docs/secret/kubernetes.mdx,after;limit,data;data.keys,exact-pattern,kubernetes-list-roles,,,,,,required,required,,,,
DELETE /ldap/config,secret,DELETE,/ldap/config,unverified,typed,website/content/api-docs/secret/ldap.mdx,binddn;bindpass;certificate;client_tls_cert;client_tls_key;connection_timeout;insecure_tls;length;password_policy;request_timeout;schema;starttls;url;userattr;userdn,data;data.binddn;data.case_sensitive_names;data.certificate;data.insecure_tls;data.length;data.schema;data.starttls;data.tls_max_version;data.tls_min_version;data.url,exact-pattern,ldap-delete-configuration,,,,,,required,required,,,,
GET /ldap/config,secret,GET,/ldap/config,unverified,typed,website/content/api-docs/secret/ldap.mdx,binddn;bindpass;certificate;client_tls_cert;client_tls_key;connection_timeout;insecure_tls;length;password_policy;request_timeout;schema;starttls;url;userattr;userdn,data;data.binddn;data.case_sensitive_names;data.certificate;data.insecure_tls;data.length;data.schema;data.starttls;data.tls_max_version;data.tls_min_version;data.url,exact-pattern,ldap-read-configuration,,,,,,required,required,,,,
POST /ldap/config,secret,POST,/ldap/config,unverified,typed,website/content/api-docs/secret/ldap.mdx,binddn;bindpass;certificate;client_tls_cert;client_tls_key;connection_timeout;insecure_tls;length;password_policy;request_timeout;schema;starttls;url;userattr;userdn,data;data.binddn;data.case_sensitive_names;data.certificate;data.insecure_tls;data.length;data.schema;data.starttls;data.tls_max_version;data.tls_min_version;data.url,exact-pattern,ldap-configure,,,,,,required,required,,,,
GET /ldap/creds/:role_name,secret,GET,/ldap/creds/:role_name,unverified,typed,website/content/api-docs/secret/ldap.mdx,,distinguished_names;password;username,exact-pattern,ldap-request-dynamic-role-credentials,,,,,,required,required,,,,
LIST /ldap/library,secret,LIST,/ldap/library,unverified,typed,website/content/api-docs/secret/ldap.mdx,disable_check_in_enforcement;max_ttl;name;service_account_names;ttl,disable_check_in_enforcement;max_ttl;service_account_names;ttl,exact-pattern,ldap-library-list,,,,,,required,required,,,,
DELETE /ldap/library/:set_name,secret,DELETE,/ldap/library/:set_name,unverified,typed,website/content/api-docs/secret/ldap.mdx,disable_check_in_enforcement;max_ttl;name;service_account_names;ttl,disable_check_in_enforcement;max_ttl;service_account_names;ttl,exact-pattern,ldap-library-delete,,,,,,required,required,,,,
GET /ldap/library/:set_name,secret,GET,/ldap/library/:set_name,unverified,typed,website/content/api-docs/secret/ldap.mdx,disable_check_in_enforcement;max_ttl;name;service_account_names;ttl,disable_check_in_enforcement;max_ttl;service_account_names;ttl,exact-pattern,ldap-library-read,,,,,,required,required,,,,
POST /ldap/library/:set_name,secret,POST,/ldap/library/:set_name,unverified,typed,website/content/api-docs/secret/ldap.mdx,disable_check_in_enforcement;max_ttl;name;service_account_names;ttl,disable_check_in_enforcement;max_ttl;service_account_names;ttl,exact-pattern,ldap-library-configure,,,,,,required,required,,,,
POST /ldap/library/:set_name/check-in,secret,POST,/ldap/library/:set_name/check-in,unverified,typed,website/content/api-docs/secret/ldap.mdx,name;service_account_names,auth;data;data.check_ins;lease_duration;lease_id;renewable;request_id;warnings;wrap_info,exact-pattern,ldap-library-check-in,,,,,,required,required,,,,
POST /ldap/library/:set_name/check-out,secret,POST,/ldap/library/:set_name/check-out,unverified,typed,website/content/api-docs/secret/ldap.mdx,name;ttl,auth;data;data.password;data.service_account_name;lease_duration;lease_id;renewable;request_id;warnings;wrap_info,exact-pattern,ldap-library-check-out,,,,,,required,required,,,,
GET /ldap/library/:set_name/status,secret,GET,/ldap/library/:set_name/status,unverified,typed,website/content/api-docs/secret/ldap.mdx,,auth;data;data.buzz@example.com;data.buzz@example.com.available;data.fizz@example.com;data.fizz@example.com.available;data.fizz@example.com.borrower_client_token;data.fizz@example.com.borrower_entity_id;lease_duration;lease_id;renewable;request_id;warnings;wrap_info,exact-pattern,ldap-library-check-status,,,,,,required,required,,,,
POST /ldap/library/manage/:set_name/check-in,secret,POST,/ldap/library/manage/:set_name/check-in,unverified,typed,website/content/api-docs/secret/ldap.mdx,name;service_account_names,auth;data;data.check_ins;lease_duration;lease_id;renewable;request_id;warnings;wrap_info,exact-pattern,ldap-library-force-check-in,,,,,,required,required,,,,
DELETE /ldap/role/:role_name,secret,DELETE,/ldap/role/:role_name,unverified,typed,website/content/api-docs/secret/ldap.mdx,creation_ldif;default_ttl;deletion_ldif;max_ttl;role_name;rollback_ldif;username_template,creation_ldif;default_ttl;deletion_ldif;max_ttl;rollback_ldif;username_template,exact-pattern,ldap-delete-dynamic-role,,,,,,required,required,,,,
GET /ldap/role/:role_name,secret,GET,/ldap/role/:role_name,unverified,typed,website/content/api-docs/secret/ldap.mdx,creation_ldif;default_ttl;deletion_ldif;max_ttl;role_name;rollback_ldif;username_template,creation_ldif;default_ttl;deletion_ldif;max_ttl;rollback_ldif;username_template,exact-pattern,ldap-read-dynamic-role,,,,,,required,required,,,,
POST /ldap/role/:role_name,secret,POST,/ldap/role/:role_name,unverified,typed,website/content/api-docs/secret/ldap.mdx,creation_ldif;default_ttl;deletion_ldif;max_ttl;role_name;rollback_ldif;username_template,creation_ldif;default_ttl;deletion_ldif;max_ttl;rollback_ldif;username_template,exact-pattern,ldap-write-dynamic-role,,,,,,required,required,,,,
POST /ldap/rotate-role/:role_name,secret,POST,/ldap/rotate-role/:role_name,unverified,typed,website/content/api-docs/secret/ldap.mdx,,,exact-pattern,ldap-rotate-static-role,,,,,,required,required,,,,
POST /ldap/rotate-root,secret,POST,/ldap/rotate-root,unverified,typed,website/content/api-docs/secret/ldap.mdx,,,exact-pattern,ldap-rotate-root-credentials,,,,,,required,required,,,,
GET /ldap/static-cred/:role_name,secret,GET,/ldap/static-cred/:role_name,unverified,typed,website/content/api-docs/secret/ldap.mdx,,dn;last_password;last_vault_rotation;password;rotation_period;ttl;username,exact-pattern,ldap-request-static-role-credentials,,,,,,required,required,,,,
GET /ldap/static-role,secret,GET,/ldap/static-role,unverified,typed,website/content/api-docs/secret/ldap.mdx,dn;rotation_period;username,data;data.dn;data.last_vault_rotation;data.rotation_period;data.username,exact-pattern,ldap-list-static-roles,,,,,,required,required,,,,
DELETE /ldap/static-role/:role_name,secret,DELETE,/ldap/static-role/:role_name,unverified,typed,website/content/api-docs/secret/ldap.mdx,dn;rotation_period;username,data;data.dn;data.last_vault_rotation;data.rotation_period;data.username,exact-pattern,ldap-delete-static-role,,,,,,required,required,,,,
GET /ldap/static-role/:role_name,secret,GET,/ldap/static-role/:role_name,unverified,typed,website/content/api-docs/secret/ldap.mdx,dn;rotation_period;username,data;data.dn;data.last_vault_rotation;data.rotation_period;data.username,exact-pattern,ldap-read-static-role,,,,,,required,required,,,,
POST /ldap/static-role/:role_name,secret,POST,/ldap/static-role/:role_name,unverified,typed,website/content/api-docs/secret/ldap.mdx,dn;rotation_period;username,data;data.dn;data.last_vault_rotation;data.rotation_period;data.username,exact-pattern,ldap-write-static-role,,,,,,required,required,,,,
ACME /pki/acme/directory,secret,ACME,/pki/acme/directory,confirmed-gap,external,website/content/api-docs/secret/pki.mdx,after;allow_role_ext_key_usage;allowed_issuers;allowed_roles;default_directory_policy;dns_resolver;eab_policy;enabled;key_id;limit,,absent,,,,,,,required,required,,,,
POST /pki/acme/new-eab,secret,POST,/pki/acme/new-eab,unverified,typed,website/content/api-docs/secret/pki.mdx,after;allow_role_ext_key_usage;allowed_issuers;allowed_roles;default_directory_policy;dns_resolver;eab_policy;enabled;key_id;limit,,exact-pattern,pki-generate-eab-key,,,,,,required,required,,,,
GET /pki/ca,secret,GET,/pki/ca,confirmed-gap,external,website/content/api-docs/secret/pki.mdx,after;issuer_ref;limit;serial,data;data.certificate;data.crl;data.issuer_id;data.key_info;data.key_info.1ae8ce9d-2f70-0761-a465-8c9840a247a2;data.key_info.1ae8ce9d-2f70-0761-a465-8c9840a247a2.issuer_name;data.key_info.3dc79a5a-7a6c-70e2-1123-94b88557ba12;data.key_info.3dc79a5a-7a6c-70e2-1123-94b88557ba12.issuer_name;data.keys;data.revocation_time;data.revocation_time_rfc3339,exact-pattern,pki-read-ca-der,,,,,,required,required,,,,
GET /pki/ca/pem,secret,GET,/pki/ca/pem,confirmed-gap,external,website/content/api-docs/secret/pki.mdx,after;issuer_ref;limit;serial,data;data.certificate;data.crl;data.issuer_id;data.key_info;data.key_info.1ae8ce9d-2f70-0761-a465-8c9840a247a2;data.key_info.1ae8ce9d-2f70-0761-a465-8c9840a247a2.issuer_name;data.key_info.3dc79a5a-7a6c-70e2-1123-94b88557ba12;data.key_info.3dc79a5a-7a6c-70e2-1123-94b88557ba12.issuer_name;data.keys;data.revocation_time;data.revocation_time_rfc3339,exact-pattern,pki-read-ca-pem,,,,,,required,required,,,,
GET /pki/ca_chain,secret,GET,/pki/ca_chain,confirmed-gap,external,website/content/api-docs/secret/pki.mdx,after;issuer_ref;limit;serial,data;data.certificate;data.crl;data.issuer_id;data.key_info;data.key_info.1ae8ce9d-2f70-0761-a465-8c9840a247a2;data.key_info.1ae8ce9d-2f70-0761-a465-8c9840a247a2.issuer_name;data.key_info.3dc79a5a-7a6c-70e2-1123-94b88557ba12;data.key_info.3dc79a5a-7a6c-70e2-1123-94b88557ba12.issuer_name;data.keys;data.revocation_time;data.revocation_time_rfc3339,exact-pattern,pki-read-ca-chain-pem,,,,,,required,required,,,,
POST /pki/cel/issue/:name,secret,POST,/pki/cel/issue/:name,unverified,typed,website/content/api-docs/secret/pki.mdx,after;alt_names;basic_constraints_valid_for_non_ca;certificate;certificate;common_name;common_name;country;csr;exclude_cn_from_sans;ext_key_usage;ext_key_usage_oids;format;ip_sans;issuer_ref;key_bits;key_type;key_usage;key_usage;limit;locality;max_path_length;name;name;not_after;not_before;not_before_duration;organization;other_sans;ou;permitted_dns_domains;postal_code;private_key;private_key_format;province;remove_roots_from_chain;require_matching_certificate_algorithms;serial_number;serial_number;signature_bits;skid;street_address;ttl;uri_sans;use_csr_values;use_pss;user_ids,auth;data;data.ca_chain;data.certificate;data.expiration;data.issuing_ca;data.key_info;data.key_info.3d:80:91:c3:c2:34:3b:81:69:3d:92:a3:80:69:db:53:04:26:ab:b4;data.key_info.3d:80:91:c3:c2:34:3b:81:69:3d:92:a3:80:69:db:53:04:26:ab:b4.requesting_cluster;data.keys;data.not_before;data.private_key;data.private_key_type;data.revocation_time;data.serial_number;lease_duration;lease_id;renewable;request_id;warnings;wrap_info,exact-pattern,pki-issue-with-cel-role,,,,,,required,required,,,,
LIST /pki/cel/roles,secret,LIST,/pki/cel/roles,unverified,typed,website/content/api-docs/secret/pki.mdx,after;alt_names;basic_constraints_valid_for_non_ca;certificate;certificate;common_name;common_name;country;csr;exclude_cn_from_sans;ext_key_usage;ext_key_usage_oids;format;ip_sans;issuer_ref;key_bits;key_type;key_usage;key_usage;limit;locality;max_path_length;name;name;not_after;not_before;not_before_duration;organization;other_sans;ou;permitted_dns_domains;postal_code;private_key;private_key_format;province;remove_roots_from_chain;require_matching_certificate_algorithms;serial_number;serial_number;signature_bits;skid;street_address;ttl;uri_sans;use_csr_values;use_pss;user_ids,auth;data;data.ca_chain;data.certificate;data.expiration;data.issuing_ca;data.key_info;data.key_info.3d:80:91:c3:c2:34:3b:81:69:3d:92:a3:80:69:db:53:04:26:ab:b4;data.key_info.3d:80:91:c3:c2:34:3b:81:69:3d:92:a3:80:69:db:53:04:26:ab:b4.requesting_cluster;data.keys;data.not_before;data.private_key;data.private_key_type;data.revocation_time;data.serial_number;lease_duration;lease_id;renewable;request_id;warnings;wrap_info,exact-pattern,pki-list-cel-roles,,,,,,required,required,,,,
DELETE /pki/cel/roles/:name,secret,DELETE,/pki/cel/roles/:name,unverified,typed,website/content/api-docs/secret/pki.mdx,acme_account_safety_buffer;aia_path;allow_any_name;allow_bare_domains;allow_glob_domains;allow_ip_sans;allow_localhost;allow_subdomains;allow_wildcard_certificates;allowed_domains;allowed_domains_template;allowed_ip_sans_cidr;allowed_other_sans;allowed_serial_numbers;allowed_uri_sans;allowed_uri_sans_template;allowed_user_ids;auto_rebuild;auto_rebuild_grace_period;basic_constraints_valid_for_non_ca;cel_program;client_flag;cn_validations;code_signing_flag;country;critical;crl_distribution_points;crl_number;crls;default;default_follows_latest_issuer;delta_crl_base_number;delta_crl_distribution_points;delta_rebuild_interval;disable;email_protection_flag;enable_delta;enable_templating;enabled;enforce_hostnames;expiry;ext_key_usage;ext_key_usage_oids;extensions;format;generate_lease;id;interval_duration;issuer_ref;issuer_safety_buffer;issuing_certificates;key_bits;key_type;key_usage;locality;maintain_stored_certificate_counts;max_ttl;name;next_update;no_store;not_after;not_after_bound;not_before;not_before_bound;not_before_duration;ocsp_disable;ocsp_expiry;ocsp_servers;organization;ou;page_size;path;pause_duration;policy_identifiers;postal_code;province;publish_stored_certificate_count_metrics;require_cn;revocation_queue_safety_buffer;revocation_time;revoked_certs;revoked_safety_buffer;safety_buffer;serial_number;server_flag;signature_bits;street_address;tidy_acme;tidy_cert_store;tidy_expired_issuers;tidy_invalid_certs;tidy_move_legacy_ca_bundle;tidy_revoked_cert_issuer_associations;tidy_revoked_certs;ttl;use_csr_common_name;use_csr_sans;use_pss;value,auth;data;data.aia_path;data.auto_rebuild;data.auto_rebuild_grace_period;data.crl;data.crl_distribution_points;data.cross_cluster_revocation;data.default;data.default_follows_latest_issuer;data.delta_crl_distribution_points;data.delta_rebuild_interval;data.disable;data.enable_delta;data.enabled;data.expiry;data.interval_duration;data.issuer_safety_buffer;data.issuing_certificates;data.maintain_stored_certificate_counts;data.ocsp_disable;data.ocsp_expiry;data.ocsp_servers;data.page_size;data.path;data.pause_duration;data.publish_stored_certificate_count_metrics;data.revocation_queue_safety_buffer;data.safety_buffer;data.success;data.tidy_cert_store;data.tidy_cross_cluster_revoked_certs;data.tidy_expired_issuers;data.tidy_invalid_certs;data.tidy_move_legacy_ca_bundle;data.tidy_revocation_queue;data.tidy_revoked_cert_issuer_associations;data.tidy_revoked_certs;data.unified_crl;data.unified_crl_on_existing_paths;lease_duration;lease_id;renewable,exact-pattern,pki-delete-cel-role,,,,,,required,required,,,,
GET /pki/cel/roles/:name,secret,GET,/pki/cel/roles/:name,unverified,typed,website/content/api-docs/secret/pki.mdx,after;alt_names;basic_constraints_valid_for_non_ca;certificate;certificate;common_name;common_name;country;csr;exclude_cn_from_sans;ext_key_usage;ext_key_usage_oids;format;ip_sans;issuer_ref;key_bits;key_type;key_usage;key_usage;limit;locality;max_path_length;name;name;not_after;not_before;not_before_duration;organization;other_sans;ou;permitted_dns_domains;postal_code;private_key;private_key_format;province;remove_roots_from_chain;require_matching_certificate_algorithms;serial_number;serial_number;signature_bits;skid;street_address;ttl;uri_sans;use_csr_values;use_pss;user_ids,auth;data;data.ca_chain;data.certificate;data.expiration;data.issuing_ca;data.key_info;data.key_info.3d:80:91:c3:c2:34:3b:81:69:3d:92:a3:80:69:db:53:04:26:ab:b4;data.key_info.3d:80:91:c3:c2:34:3b:81:69:3d:92:a3:80:69:db:53:04:26:ab:b4.requesting_cluster;data.keys;data.not_before;data.private_key;data.private_key_type;data.revocation_time;data.serial_number;lease_duration;lease_id;renewable;request_id;warnings;wrap_info,exact-pattern,pki-read-cel-role,,,,,,required,required,,,,
PATCH /pki/cel/roles/:name,secret,PATCH,/pki/cel/roles/:name,unverified,typed,website/content/api-docs/secret/pki.mdx,acme_account_safety_buffer;aia_path;allow_any_name;allow_bare_domains;allow_glob_domains;allow_ip_sans;allow_localhost;allow_subdomains;allow_wildcard_certificates;allowed_domains;allowed_domains_template;allowed_ip_sans_cidr;allowed_other_sans;allowed_serial_numbers;allowed_uri_sans;allowed_uri_sans_template;allowed_user_ids;auto_rebuild;auto_rebuild_grace_period;basic_constraints_valid_for_non_ca;cel_program;client_flag;cn_validations;code_signing_flag;country;critical;crl_distribution_points;crl_number;crls;default;default_follows_latest_issuer;delta_crl_base_number;delta_crl_distribution_points;delta_rebuild_interval;disable;email_protection_flag;enable_delta;enable_templating;enabled;enforce_hostnames;expiry;ext_key_usage;ext_key_usage_oids;extensions;format;generate_lease;id;interval_duration;issuer_ref;issuer_safety_buffer;issuing_certificates;key_bits;key_type;key_usage;locality;maintain_stored_certificate_counts;max_ttl;name;next_update;no_store;not_after;not_after_bound;not_before;not_before_bound;not_before_duration;ocsp_disable;ocsp_expiry;ocsp_servers;organization;ou;page_size;path;pause_duration;policy_identifiers;postal_code;province;publish_stored_certificate_count_metrics;require_cn;revocation_queue_safety_buffer;revocation_time;revoked_certs;revoked_safety_buffer;safety_buffer;serial_number;server_flag;signature_bits;street_address;tidy_acme;tidy_cert_store;tidy_expired_issuers;tidy_invalid_certs;tidy_move_legacy_ca_bundle;tidy_revoked_cert_issuer_associations;tidy_revoked_certs;ttl;use_csr_common_name;use_csr_sans;use_pss;value,auth;data;data.aia_path;data.auto_rebuild;data.auto_rebuild_grace_period;data.crl;data.crl_distribution_points;data.cross_cluster_revocation;data.default;data.default_follows_latest_issuer;data.delta_crl_distribution_points;data.delta_rebuild_interval;data.disable;data.enable_delta;data.enabled;data.expiry;data.interval_duration;data.issuer_safety_buffer;data.issuing_certificates;data.maintain_stored_certificate_counts;data.ocsp_disable;data.ocsp_expiry;data.ocsp_servers;data.page_size;data.path;data.pause_duration;data.publish_stored_certificate_count_metrics;data.revocation_queue_safety_buffer;data.safety_buffer;data.success;data.tidy_cert_store;data.tidy_cross_cluster_revoked_certs;data.tidy_expired_issuers;data.tidy_invalid_certs;data.tidy_move_legacy_ca_bundle;data.tidy_revocation_queue;data.tidy_revoked_cert_issuer_associations;data.tidy_revoked_certs;data.unified_crl;data.unified_crl_on_existing_paths;lease_duration;lease_id;renewable,absent,,,,,,,required,required,,,,
POST /pki/cel/roles/:name,secret,POST,/pki/cel/roles/:name,unverified,typed,website/content/api-docs/secret/pki.mdx,acme_account_safety_buffer;aia_path;allow_any_name;allow_bare_domains;allow_glob_domains;allow_ip_sans;allow_localhost;allow_subdomains;allow_wildcard_certificates;allowed_domains;allowed_domains_template;allowed_ip_sans_cidr;allowed_other_sans;allowed_serial_numbers;allowed_uri_sans;allowed_uri_sans_template;allowed_user_ids;auto_rebuild;auto_rebuild_grace_period;basic_constraints_valid_for_non_ca;cel_program;client_flag;cn_validations;code_signing_flag;country;critical;crl_distribution_points;crl_number;crls;default;default_follows_latest_issuer;delta_crl_base_number;delta_crl_distribution_points;delta_rebuild_interval;disable;email_protection_flag;enable_delta;enable_templating;enabled;enforce_hostnames;expiry;ext_key_usage;ext_key_usage_oids;extensions;format;generate_lease;id;interval_duration;issuer_ref;issuer_safety_buffer;issuing_certificates;key_bits;key_type;key_usage;locality;maintain_stored_certificate_counts;max_ttl;name;next_update;no_store;not_after;not_after_bound;not_before;not_before_bound;not_before_duration;ocsp_disable;ocsp_expiry;ocsp_servers;organization;ou;page_size;path;pause_duration;policy_identifiers;postal_code;province;publish_stored_certificate_count_metrics;require_cn;revocation_queue_safety_buffer;revocation_time;revoked_certs;revoked_safety_buffer;safety_buffer;serial_number;server_flag;signature_bits;street_address;tidy_acme;tidy_cert_store;tidy_expired_issuers;tidy_invalid_certs;tidy_move_legacy_ca_bundle;tidy_revoked_cert_issuer_associations;tidy_revoked_certs;ttl;use_csr_common_name;use_csr_sans;use_pss;value,auth;data;data.aia_path;data.auto_rebuild;data.auto_rebuild_grace_period;data.crl;data.crl_distribution_points;data.cross_cluster_revocation;data.default;data.default_follows_latest_issuer;data.delta_crl_distribution_points;data.delta_rebuild_interval;data.disable;data.enable_delta;data.enabled;data.expiry;data.interval_duration;data.issuer_safety_buffer;data.issuing_certificates;data.maintain_stored_certificate_counts;data.ocsp_disable;data.ocsp_expiry;data.ocsp_servers;data.page_size;data.path;data.pause_duration;data.publish_stored_certificate_count_metrics;data.revocation_queue_safety_buffer;data.safety_buffer;data.success;data.tidy_cert_store;data.tidy_cross_cluster_revoked_certs;data.tidy_expired_issuers;data.tidy_invalid_certs;data.tidy_move_legacy_ca_bundle;data.tidy_revocation_queue;data.tidy_revoked_cert_issuer_associations;data.tidy_revoked_certs;data.unified_crl;data.unified_crl_on_existing_paths;lease_duration;lease_id;renewable,exact-pattern,pki-write-cel-role,,,,,,required,required,,,,
POST /pki/cel/sign/:name,secret,POST,/pki/cel/sign/:name,unverified,typed,website/content/api-docs/secret/pki.mdx,after;alt_names;basic_constraints_valid_for_non_ca;certificate;certificate;common_name;common_name;country;csr;exclude_cn_from_sans;ext_key_usage;ext_key_usage_oids;format;ip_sans;issuer_ref;key_bits;key_type;key_usage;key_usage;limit;locality;max_path_length;name;name;not_after;not_before;not_before_duration;organization;other_sans;ou;permitted_dns_domains;postal_code;private_key;private_key_format;province;remove_roots_from_chain;require_matching_certificate_algorithms;serial_number;serial_number;signature_bits;skid;street_address;ttl;uri_sans;use_csr_values;use_pss;user_ids,auth;data;data.ca_chain;data.certificate;data.expiration;data.issuing_ca;data.key_info;data.key_info.3d:80:91:c3:c2:34:3b:81:69:3d:92:a3:80:69:db:53:04:26:ab:b4;data.key_info.3d:80:91:c3:c2:34:3b:81:69:3d:92:a3:80:69:db:53:04:26:ab:b4.requesting_cluster;data.keys;data.not_before;data.private_key;data.private_key_type;data.revocation_time;data.serial_number;lease_duration;lease_id;renewable;request_id;warnings;wrap_info,exact-pattern,pki-sign-with-cel-role,,,,,,required,required,,,,
GET /pki/cert/:serial,secret,GET,/pki/cert/:serial,unverified,typed,website/content/api-docs/secret/pki.mdx,after;issuer_ref;limit;serial,data;data.certificate;data.crl;data.issuer_id;data.key_info;data.key_info.1ae8ce9d-2f70-0761-a465-8c9840a247a2;data.key_info.1ae8ce9d-2f70-0761-a465-8c9840a247a2.issuer_name;data.key_info.3dc79a5a-7a6c-70e2-1123-94b88557ba12;data.key_info.3dc79a5a-7a6c-70e2-1123-94b88557ba12.issuer_name;data.keys;data.revocation_time;data.revocation_time_rfc3339,exact-pattern,pki-read-cert,,,,,,required,required,,,,
GET /pki/cert/:serial/raw,secret,GET,/pki/cert/:serial/raw,confirmed-gap,external,website/content/api-docs/secret/pki.mdx,after;issuer_ref;limit;serial,data;data.certificate;data.crl;data.issuer_id;data.key_info;data.key_info.1ae8ce9d-2f70-0761-a465-8c9840a247a2;data.key_info.1ae8ce9d-2f70-0761-a465-8c9840a247a2.issuer_name;data.key_info.3dc79a5a-7a6c-70e2-1123-94b88557ba12;data.key_info.3dc79a5a-7a6c-70e2-1123-94b88557ba12.issuer_name;data.keys;data.revocation_time;data.revocation_time_rfc3339,exact-pattern,pki-read-cert-raw-der,,,,,,required,required,,,,
GET /pki/cert/:serial/raw/pem,secret,GET,/pki/cert/:serial/raw/pem,confirmed-gap,external,website/content/api-docs/secret/pki.mdx,after;issuer_ref;limit;serial,data;data.certificate;data.crl;data.issuer_id;data.key_info;data.key_info.1ae8ce9d-2f70-0761-a465-8c9840a247a2;data.key_info.1ae8ce9d-2f70-0761-a465-8c9840a247a2.issuer_name;data.key_info.3dc79a5a-7a6c-70e2-1123-94b88557ba12;data.key_info.3dc79a5a-7a6c-70e2-1123-94b88557ba12.issuer_name;data.keys;data.revocation_time;data.revocation_time_rfc3339,exact-pattern,pki-read-cert-raw-pem,,,,,,required,required,,,,
GET /pki/cert/ca,secret,GET,/pki/cert/ca,confirmed-gap,external,website/content/api-docs/secret/pki.mdx,after;issuer_ref;limit;serial,data;data.certificate;data.crl;data.issuer_id;data.key_info;data.key_info.1ae8ce9d-2f70-0761-a465-8c9840a247a2;data.key_info.1ae8ce9d-2f70-0761-a465-8c9840a247a2.issuer_name;data.key_info.3dc79a5a-7a6c-70e2-1123-94b88557ba12;data.key_info.3dc79a5a-7a6c-70e2-1123-94b88557ba12.issuer_name;data.keys;data.revocation_time;data.revocation_time_rfc3339,exact-pattern,pki-read-cert,,,,,,required,required,,,,
GET /pki/cert/ca_chain,secret,GET,/pki/cert/ca_chain,confirmed-gap,external,website/content/api-docs/secret/pki.mdx,after;issuer_ref;limit;serial,data;data.certificate;data.crl;data.issuer_id;data.key_info;data.key_info.1ae8ce9d-2f70-0761-a465-8c9840a247a2;data.key_info.1ae8ce9d-2f70-0761-a465-8c9840a247a2.issuer_name;data.key_info.3dc79a5a-7a6c-70e2-1123-94b88557ba12;data.key_info.3dc79a5a-7a6c-70e2-1123-94b88557ba12.issuer_name;data.keys;data.revocation_time;data.revocation_time_rfc3339,exact-pattern,pki-read-cert-ca-chain,,,,,,required,required,,,,
GET /pki/cert/crl,secret,GET,/pki/cert/crl,confirmed-gap,external,website/content/api-docs/secret/pki.mdx,after;issuer_ref;limit;serial,data;data.certificate;data.crl;data.issuer_id;data.key_info;data.key_info.1ae8ce9d-2f70-0761-a465-8c9840a247a2;data.key_info.1ae8ce9d-2f70-0761-a465-8c9840a247a2.issuer_name;data.key_info.3dc79a5a-7a6c-70e2-1123-94b88557ba12;data.key_info.3dc79a5a-7a6c-70e2-1123-94b88557ba12.issuer_name;data.keys;data.revocation_time;data.revocation_time_rfc3339,exact-pattern,pki-read-cert-crl,,,,,,required,required,,,,
GET /pki/cert/delta-crl,secret,GET,/pki/cert/delta-crl,confirmed-gap,external,website/content/api-docs/secret/pki.mdx,after;issuer_ref;limit;serial,data;data.certificate;data.crl;data.issuer_id;data.key_info;data.key_info.1ae8ce9d-2f70-0761-a465-8c9840a247a2;data.key_info.1ae8ce9d-2f70-0761-a465-8c9840a247a2.issuer_name;data.key_info.3dc79a5a-7a6c-70e2-1123-94b88557ba12;data.key_info.3dc79a5a-7a6c-70e2-1123-94b88557ba12.issuer_name;data.keys;data.revocation_time;data.revocation_time_rfc3339,exact-pattern,pki-read-cert-delta-crl,,,,,,required,required,,,,
LIST /pki/certs,secret,LIST,/pki/certs,unverified,typed,website/content/api-docs/secret/pki.mdx,after;issuer_ref;limit;serial,data;data.certificate;data.crl;data.issuer_id;data.key_info;data.key_info.1ae8ce9d-2f70-0761-a465-8c9840a247a2;data.key_info.1ae8ce9d-2f70-0761-a465-8c9840a247a2.issuer_name;data.key_info.3dc79a5a-7a6c-70e2-1123-94b88557ba12;data.key_info.3dc79a5a-7a6c-70e2-1123-94b88557ba12.issuer_name;data.keys;data.revocation_time;data.revocation_time_rfc3339,exact-pattern,pki-list-certs,,,,,,required,required,,,,
LIST /pki/certs/detailed?detailed=true,secret,LIST,/pki/certs/detailed?detailed=true,unverified,typed,website/content/api-docs/secret/pki.mdx,after;issuer_ref;limit;serial,data;data.certificate;data.crl;data.issuer_id;data.key_info;data.key_info.1ae8ce9d-2f70-0761-a465-8c9840a247a2;data.key_info.1ae8ce9d-2f70-0761-a465-8c9840a247a2.issuer_name;data.key_info.3dc79a5a-7a6c-70e2-1123-94b88557ba12;data.key_info.3dc79a5a-7a6c-70e2-1123-94b88557ba12.issuer_name;data.keys;data.revocation_time;data.revocation_time_rfc3339,exact-pattern,pki-list-certs,,,,,,required,required,,,,
GET /pki/config/acme,secret,GET,/pki/config/acme,unverified,typed,website/content/api-docs/secret/pki.mdx,after;allow_role_ext_key_usage;allowed_issuers;allowed_roles;default_directory_policy;dns_resolver;eab_policy;enabled;key_id;limit,,exact-pattern,pki-read-acme-configuration,,,,,,required,required,,,,
POST /pki/config/acme,secret,POST,/pki/config/acme,unverified,typed,website/content/api-docs/secret/pki.mdx,after;allow_role_ext_key_usage;allowed_issuers;allowed_roles;default_directory_policy;dns_resolver;eab_policy;enabled;key_id;limit,,exact-pattern,pki-configure-acme,,,,,,required,required,,,,
GET /pki/config/auto-tidy,secret,GET,/pki/config/auto-tidy,unverified,typed,website/content/api-docs/secret/pki.mdx,acme_account_safety_buffer;aia_path;allow_any_name;allow_bare_domains;allow_glob_domains;allow_ip_sans;allow_localhost;allow_subdomains;allow_wildcard_certificates;allowed_domains;allowed_domains_template;allowed_ip_sans_cidr;allowed_other_sans;allowed_serial_numbers;allowed_uri_sans;allowed_uri_sans_template;allowed_user_ids;auto_rebuild;auto_rebuild_grace_period;basic_constraints_valid_for_non_ca;cel_program;client_flag;cn_validations;code_signing_flag;country;critical;crl_distribution_points;crl_number;crls;default;default_follows_latest_issuer;delta_crl_base_number;delta_crl_distribution_points;delta_rebuild_interval;disable;email_protection_flag;enable_delta;enable_templating;enabled;enforce_hostnames;expiry;ext_key_usage;ext_key_usage_oids;extensions;format;generate_lease;id;interval_duration;issuer_ref;issuer_safety_buffer;issuing_certificates;key_bits;key_type;key_usage;locality;maintain_stored_certificate_counts;max_ttl;name;next_update;no_store;not_after;not_after_bound;not_before;not_before_bound;not_before_duration;ocsp_disable;ocsp_expiry;ocsp_servers;organization;ou;page_size;path;pause_duration;policy_identifiers;postal_code;province;publish_stored_certificate_count_metrics;require_cn;revocation_queue_safety_buffer;revocation_time;revoked_certs;revoked_safety_buffer;safety_buffer;serial_number;server_flag;signature_bits;street_address;tidy_acme;tidy_cert_store;tidy_expired_issuers;tidy_invalid_certs;tidy_move_legacy_ca_bundle;tidy_revoked_cert_issuer_associations;tidy_revoked_certs;ttl;use_csr_common_name;use_csr_sans;use_pss;value,auth;data;data.aia_path;data.auto_rebuild;data.auto_rebuild_grace_period;data.crl;data.crl_distribution_points;data.cross_cluster_revocation;data.default;data.default_follows_latest_issuer;data.delta_crl_distribution_points;data.delta_rebuild_interval;data.disable;data.enable_delta;data.enabled;data.expiry;data.interval_duration;data.issuer_safety_buffer;data.issuing_certificates;data.maintain_stored_certificate_counts;data.ocsp_disable;data.ocsp_expiry;data.ocsp_servers;data.page_size;data.path;data.pause_duration;data.publish_stored_certificate_count_metrics;data.revocation_queue_safety_buffer;data.safety_buffer;data.success;data.tidy_cert_store;data.tidy_cross_cluster_revoked_certs;data.tidy_expired_issuers;data.tidy_invalid_certs;data.tidy_move_legacy_ca_bundle;data.tidy_revocation_queue;data.tidy_revoked_cert_issuer_associations;data.tidy_revoked_certs;data.unified_crl;data.unified_crl_on_existing_paths;lease_duration;lease_id;renewable,exact-pattern,pki-read-auto-tidy-configuration,,,,,,required,required,,,,
POST /pki/config/auto-tidy,secret,POST,/pki/config/auto-tidy,unverified,typed,website/content/api-docs/secret/pki.mdx,acme_account_safety_buffer;aia_path;allow_any_name;allow_bare_domains;allow_glob_domains;allow_ip_sans;allow_localhost;allow_subdomains;allow_wildcard_certificates;allowed_domains;allowed_domains_template;allowed_ip_sans_cidr;allowed_other_sans;allowed_serial_numbers;allowed_uri_sans;allowed_uri_sans_template;allowed_user_ids;auto_rebuild;auto_rebuild_grace_period;basic_constraints_valid_for_non_ca;cel_program;client_flag;cn_validations;code_signing_flag;country;critical;crl_distribution_points;crl_number;crls;default;default_follows_latest_issuer;delta_crl_base_number;delta_crl_distribution_points;delta_rebuild_interval;disable;email_protection_flag;enable_delta;enable_templating;enabled;enforce_hostnames;expiry;ext_key_usage;ext_key_usage_oids;extensions;format;generate_lease;id;interval_duration;issuer_ref;issuer_safety_buffer;issuing_certificates;key_bits;key_type;key_usage;locality;maintain_stored_certificate_counts;max_ttl;name;next_update;no_store;not_after;not_after_bound;not_before;not_before_bound;not_before_duration;ocsp_disable;ocsp_expiry;ocsp_servers;organization;ou;page_size;path;pause_duration;policy_identifiers;postal_code;province;publish_stored_certificate_count_metrics;require_cn;revocation_queue_safety_buffer;revocation_time;revoked_certs;revoked_safety_buffer;safety_buffer;serial_number;server_flag;signature_bits;street_address;tidy_acme;tidy_cert_store;tidy_expired_issuers;tidy_invalid_certs;tidy_move_legacy_ca_bundle;tidy_revoked_cert_issuer_associations;tidy_revoked_certs;ttl;use_csr_common_name;use_csr_sans;use_pss;value,auth;data;data.aia_path;data.auto_rebuild;data.auto_rebuild_grace_period;data.crl;data.crl_distribution_points;data.cross_cluster_revocation;data.default;data.default_follows_latest_issuer;data.delta_crl_distribution_points;data.delta_rebuild_interval;data.disable;data.enable_delta;data.enabled;data.expiry;data.interval_duration;data.issuer_safety_buffer;data.issuing_certificates;data.maintain_stored_certificate_counts;data.ocsp_disable;data.ocsp_expiry;data.ocsp_servers;data.page_size;data.path;data.pause_duration;data.publish_stored_certificate_count_metrics;data.revocation_queue_safety_buffer;data.safety_buffer;data.success;data.tidy_cert_store;data.tidy_cross_cluster_revoked_certs;data.tidy_expired_issuers;data.tidy_invalid_certs;data.tidy_move_legacy_ca_bundle;data.tidy_revocation_queue;data.tidy_revoked_cert_issuer_associations;data.tidy_revoked_certs;data.unified_crl;data.unified_crl_on_existing_paths;lease_duration;lease_id;renewable,exact-pattern,pki-configure-auto-tidy,,,,,,required,required,,,,
POST /pki/config/ca,secret,POST,/pki/config/ca,unverified,typed,website/content/api-docs/secret/pki.mdx,add_basic_constraints;after;alt_names;certificate;common_name;country;crl_distribution_points;delta_crl_distribution_points;enable_aia_url_templating;exclude_cn_from_sans;ext_key_usage;ext_key_usage_oids;format;ip_sans;issuer_name;issuer_ref;issuing_certificates;key_bits;key_name;key_ref;key_ref;key_type;key_usage;leaf_not_after_behavior;limit;locality;manual_chain;max_path_length;not_after;not_before;not_before_duration;ocsp_servers;organization;other_sans;ou;pem_bundle;permitted_dns_domains;postal_code;private_key_format;province;revocation_signature_algorithm;serial_number;signature_bits;street_address;ttl;type;uri_sans;usage,auth;data;data.certificate;data.existing_issuers;data.existing_keys;data.expiration;data.imported_issuers;data.imported_keys;data.issuer_id;data.issuer_name;data.issuing_ca;data.key_id;data.key_name;data.key_type;data.mapping;data.mapping.1ae8ce9d-2f70-0761-a465-8c9840a247a2;data.serial_number;lease_duration;lease_id;renewable;request_id;warnings,exact-pattern,pki-configure-ca,,,,,,required,required,,,,
GET /pki/config/cluster,secret,GET,/pki/config/cluster,unverified,typed,website/content/api-docs/secret/pki.mdx,acme_account_safety_buffer;aia_path;allow_any_name;allow_bare_domains;allow_glob_domains;allow_ip_sans;allow_localhost;allow_subdomains;allow_wildcard_certificates;allowed_domains;allowed_domains_template;allowed_ip_sans_cidr;allowed_other_sans;allowed_serial_numbers;allowed_uri_sans;allowed_uri_sans_template;allowed_user_ids;auto_rebuild;auto_rebuild_grace_period;basic_constraints_valid_for_non_ca;cel_program;client_flag;cn_validations;code_signing_flag;country;critical;crl_distribution_points;crl_number;crls;default;default_follows_latest_issuer;delta_crl_base_number;delta_crl_distribution_points;delta_rebuild_interval;disable;email_protection_flag;enable_delta;enable_templating;enabled;enforce_hostnames;expiry;ext_key_usage;ext_key_usage_oids;extensions;format;generate_lease;id;interval_duration;issuer_ref;issuer_safety_buffer;issuing_certificates;key_bits;key_type;key_usage;locality;maintain_stored_certificate_counts;max_ttl;name;next_update;no_store;not_after;not_after_bound;not_before;not_before_bound;not_before_duration;ocsp_disable;ocsp_expiry;ocsp_servers;organization;ou;page_size;path;pause_duration;policy_identifiers;postal_code;province;publish_stored_certificate_count_metrics;require_cn;revocation_queue_safety_buffer;revocation_time;revoked_certs;revoked_safety_buffer;safety_buffer;serial_number;server_flag;signature_bits;street_address;tidy_acme;tidy_cert_store;tidy_expired_issuers;tidy_invalid_certs;tidy_move_legacy_ca_bundle;tidy_revoked_cert_issuer_associations;tidy_revoked_certs;ttl;use_csr_common_name;use_csr_sans;use_pss;value,auth;data;data.aia_path;data.auto_rebuild;data.auto_rebuild_grace_period;data.crl;data.crl_distribution_points;data.cross_cluster_revocation;data.default;data.default_follows_latest_issuer;data.delta_crl_distribution_points;data.delta_rebuild_interval;data.disable;data.enable_delta;data.enabled;data.expiry;data.interval_duration;data.issuer_safety_buffer;data.issuing_certificates;data.maintain_stored_certificate_counts;data.ocsp_disable;data.ocsp_expiry;data.ocsp_servers;data.page_size;data.path;data.pause_duration;data.publish_stored_certificate_count_metrics;data.revocation_queue_safety_buffer;data.safety_buffer;data.success;data.tidy_cert_store;data.tidy_cross_cluster_revoked_certs;data.tidy_expired_issuers;data.tidy_invalid_certs;data.tidy_move_legacy_ca_bundle;data.tidy_revocation_queue;data.tidy_revoked_cert_issuer_associations;data.tidy_revoked_certs;data.unified_crl;data.unified_crl_on_existing_paths;lease_duration;lease_id;renewable,exact-pattern,pki-read-cluster-configuration,,,,,,required,required,,,,
POST /pki/config/cluster,secret,POST,/pki/config/cluster,unverified,typed,website/content/api-docs/secret/pki.mdx,acme_account_safety_buffer;aia_path;allow_any_name;allow_bare_domains;allow_glob_domains;allow_ip_sans;allow_localhost;allow_subdomains;allow_wildcard_certificates;allowed_domains;allowed_domains_template;allowed_ip_sans_cidr;allowed_other_sans;allowed_serial_numbers;allowed_uri_sans;allowed_uri_sans_template;allowed_user_ids;auto_rebuild;auto_rebuild_grace_period;basic_constraints_valid_for_non_ca;cel_program;client_flag;cn_validations;code_signing_flag;country;critical;crl_distribution_points;crl_number;crls;default;default_follows_latest_issuer;delta_crl_base_number;delta_crl_distribution_points;delta_rebuild_interval;disable;email_protection_flag;enable_delta;enable_templating;enabled;enforce_hostnames;expiry;ext_key_usage;ext_key_usage_oids;extensions;format;generate_lease;id;interval_duration;issuer_ref;issuer_safety_buffer;issuing_certificates;key_bits;key_type;key_usage;locality;maintain_stored_certificate_counts;max_ttl;name;next_update;no_store;not_after;not_after_bound;not_before;not_before_bound;not_before_duration;ocsp_disable;ocsp_expiry;ocsp_servers;organization;ou;page_size;path;pause_duration;policy_identifiers;postal_code;province;publish_stored_certificate_count_metrics;require_cn;revocation_queue_safety_buffer;revocation_time;revoked_certs;revoked_safety_buffer;safety_buffer;serial_number;server_flag;signature_bits;street_address;tidy_acme;tidy_cert_store;tidy_expired_issuers;tidy_invalid_certs;tidy_move_legacy_ca_bundle;tidy_revoked_cert_issuer_associations;tidy_revoked_certs;ttl;use_csr_common_name;use_csr_sans;use_pss;value,auth;data;data.aia_path;data.auto_rebuild;data.auto_rebuild_grace_period;data.crl;data.crl_distribution_points;data.cross_cluster_revocation;data.default;data.default_follows_latest_issuer;data.delta_crl_distribution_points;data.delta_rebuild_interval;data.disable;data.enable_delta;data.enabled;data.expiry;data.interval_duration;data.issuer_safety_buffer;data.issuing_certificates;data.maintain_stored_certificate_counts;data.ocsp_disable;data.ocsp_expiry;data.ocsp_servers;data.page_size;data.path;data.pause_duration;data.publish_stored_certificate_count_metrics;data.revocation_queue_safety_buffer;data.safety_buffer;data.success;data.tidy_cert_store;data.tidy_cross_cluster_revoked_certs;data.tidy_expired_issuers;data.tidy_invalid_certs;data.tidy_move_legacy_ca_bundle;data.tidy_revocation_queue;data.tidy_revoked_cert_issuer_associations;data.tidy_revoked_certs;data.unified_crl;data.unified_crl_on_existing_paths;lease_duration;lease_id;renewable,exact-pattern,pki-configure-cluster,,,,,,required,required,,,,
GET /pki/config/crl,secret,GET,/pki/config/crl,unverified,typed,website/content/api-docs/secret/pki.mdx,acme_account_safety_buffer;aia_path;allow_any_name;allow_bare_domains;allow_glob_domains;allow_ip_sans;allow_localhost;allow_subdomains;allow_wildcard_certificates;allowed_domains;allowed_domains_template;allowed_ip_sans_cidr;allowed_other_sans;allowed_serial_numbers;allowed_uri_sans;allowed_uri_sans_template;allowed_user_ids;auto_rebuild;auto_rebuild_grace_period;basic_constraints_valid_for_non_ca;cel_program;client_flag;cn_validations;code_signing_flag;country;critical;crl_distribution_points;crl_number;crls;default;default_follows_latest_issuer;delta_crl_base_number;delta_crl_distribution_points;delta_rebuild_interval;disable;email_protection_flag;enable_delta;enable_templating;enabled;enforce_hostnames;expiry;ext_key_usage;ext_key_usage_oids;extensions;format;generate_lease;id;interval_duration;issuer_ref;issuer_safety_buffer;issuing_certificates;key_bits;key_type;key_usage;locality;maintain_stored_certificate_counts;max_ttl;name;next_update;no_store;not_after;not_after_bound;not_before;not_before_bound;not_before_duration;ocsp_disable;ocsp_expiry;ocsp_servers;organization;ou;page_size;path;pause_duration;policy_identifiers;postal_code;province;publish_stored_certificate_count_metrics;require_cn;revocation_queue_safety_buffer;revocation_time;revoked_certs;revoked_safety_buffer;safety_buffer;serial_number;server_flag;signature_bits;street_address;tidy_acme;tidy_cert_store;tidy_expired_issuers;tidy_invalid_certs;tidy_move_legacy_ca_bundle;tidy_revoked_cert_issuer_associations;tidy_revoked_certs;ttl;use_csr_common_name;use_csr_sans;use_pss;value,auth;data;data.aia_path;data.auto_rebuild;data.auto_rebuild_grace_period;data.crl;data.crl_distribution_points;data.cross_cluster_revocation;data.default;data.default_follows_latest_issuer;data.delta_crl_distribution_points;data.delta_rebuild_interval;data.disable;data.enable_delta;data.enabled;data.expiry;data.interval_duration;data.issuer_safety_buffer;data.issuing_certificates;data.maintain_stored_certificate_counts;data.ocsp_disable;data.ocsp_expiry;data.ocsp_servers;data.page_size;data.path;data.pause_duration;data.publish_stored_certificate_count_metrics;data.revocation_queue_safety_buffer;data.safety_buffer;data.success;data.tidy_cert_store;data.tidy_cross_cluster_revoked_certs;data.tidy_expired_issuers;data.tidy_invalid_certs;data.tidy_move_legacy_ca_bundle;data.tidy_revocation_queue;data.tidy_revoked_cert_issuer_associations;data.tidy_revoked_certs;data.unified_crl;data.unified_crl_on_existing_paths;lease_duration;lease_id;renewable,exact-pattern,pki-read-crl-configuration,,,,,,required,required,,,,
POST /pki/config/crl,secret,POST,/pki/config/crl,unverified,typed,website/content/api-docs/secret/pki.mdx,acme_account_safety_buffer;aia_path;allow_any_name;allow_bare_domains;allow_glob_domains;allow_ip_sans;allow_localhost;allow_subdomains;allow_wildcard_certificates;allowed_domains;allowed_domains_template;allowed_ip_sans_cidr;allowed_other_sans;allowed_serial_numbers;allowed_uri_sans;allowed_uri_sans_template;allowed_user_ids;auto_rebuild;auto_rebuild_grace_period;basic_constraints_valid_for_non_ca;cel_program;client_flag;cn_validations;code_signing_flag;country;critical;crl_distribution_points;crl_number;crls;default;default_follows_latest_issuer;delta_crl_base_number;delta_crl_distribution_points;delta_rebuild_interval;disable;email_protection_flag;enable_delta;enable_templating;enabled;enforce_hostnames;expiry;ext_key_usage;ext_key_usage_oids;extensions;format;generate_lease;id;interval_duration;issuer_ref;issuer_safety_buffer;issuing_certificates;key_bits;key_type;key_usage;locality;maintain_stored_certificate_counts;max_ttl;name;next_update;no_store;not_after;not_after_bound;not_before;not_before_bound;not_before_duration;ocsp_disable;ocsp_expiry;ocsp_servers;organization;ou;page_size;path;pause_duration;policy_identifiers;postal_code;province;publish_stored_certificate_count_metrics;require_cn;revocation_queue_safety_buffer;revocation_time;revoked_certs;revoked_safety_buffer;safety_buffer;serial_number;server_flag;signature_bits;street_address;tidy_acme;tidy_cert_store;tidy_expired_issuers;tidy_invalid_certs;tidy_move_legacy_ca_bundle;tidy_revoked_cert_issuer_associations;tidy_revoked_certs;ttl;use_csr_common_name;use_csr_sans;use_pss;value,auth;data;data.aia_path;data.auto_rebuild;data.auto_rebuild_grace_period;data.crl;data.crl_distribution_points;data.cross_cluster_revocation;data.default;data.default_follows_latest_issuer;data.delta_crl_distribution_points;data.delta_rebuild_interval;data.disable;data.enable_delta;data.enabled;data.expiry;data.interval_duration;data.issuer_safety_buffer;data.issuing_certificates;data.maintain_stored_certificate_counts;data.ocsp_disable;data.ocsp_expiry;data.ocsp_servers;data.page_size;data.path;data.pause_duration;data.publish_stored_certificate_count_metrics;data.revocation_queue_safety_buffer;data.safety_buffer;data.success;data.tidy_cert_store;data.tidy_cross_cluster_revoked_certs;data.tidy_expired_issuers;data.tidy_invalid_certs;data.tidy_move_legacy_ca_bundle;data.tidy_revocation_queue;data.tidy_revoked_cert_issuer_associations;data.tidy_revoked_certs;data.unified_crl;data.unified_crl_on_existing_paths;lease_duration;lease_id;renewable,exact-pattern,pki-configure-crl,,,,,,required,required,,,,
GET /pki/config/issuers,secret,GET,/pki/config/issuers,unverified,typed,website/content/api-docs/secret/pki.mdx,acme_account_safety_buffer;aia_path;allow_any_name;allow_bare_domains;allow_glob_domains;allow_ip_sans;allow_localhost;allow_subdomains;allow_wildcard_certificates;allowed_domains;allowed_domains_template;allowed_ip_sans_cidr;allowed_other_sans;allowed_serial_numbers;allowed_uri_sans;allowed_uri_sans_template;allowed_user_ids;auto_rebuild;auto_rebuild_grace_period;basic_constraints_valid_for_non_ca;cel_program;client_flag;cn_validations;code_signing_flag;country;critical;crl_distribution_points;crl_number;crls;default;default_follows_latest_issuer;delta_crl_base_number;delta_crl_distribution_points;delta_rebuild_interval;disable;email_protection_flag;enable_delta;enable_templating;enabled;enforce_hostnames;expiry;ext_key_usage;ext_key_usage_oids;extensions;format;generate_lease;id;interval_duration;issuer_ref;issuer_safety_buffer;issuing_certificates;key_bits;key_type;key_usage;locality;maintain_stored_certificate_counts;max_ttl;name;next_update;no_store;not_after;not_after_bound;not_before;not_before_bound;not_before_duration;ocsp_disable;ocsp_expiry;ocsp_servers;organization;ou;page_size;path;pause_duration;policy_identifiers;postal_code;province;publish_stored_certificate_count_metrics;require_cn;revocation_queue_safety_buffer;revocation_time;revoked_certs;revoked_safety_buffer;safety_buffer;serial_number;server_flag;signature_bits;street_address;tidy_acme;tidy_cert_store;tidy_expired_issuers;tidy_invalid_certs;tidy_move_legacy_ca_bundle;tidy_revoked_cert_issuer_associations;tidy_revoked_certs;ttl;use_csr_common_name;use_csr_sans;use_pss;value,auth;data;data.aia_path;data.auto_rebuild;data.auto_rebuild_grace_period;data.crl;data.crl_distribution_points;data.cross_cluster_revocation;data.default;data.default_follows_latest_issuer;data.delta_crl_distribution_points;data.delta_rebuild_interval;data.disable;data.enable_delta;data.enabled;data.expiry;data.interval_duration;data.issuer_safety_buffer;data.issuing_certificates;data.maintain_stored_certificate_counts;data.ocsp_disable;data.ocsp_expiry;data.ocsp_servers;data.page_size;data.path;data.pause_duration;data.publish_stored_certificate_count_metrics;data.revocation_queue_safety_buffer;data.safety_buffer;data.success;data.tidy_cert_store;data.tidy_cross_cluster_revoked_certs;data.tidy_expired_issuers;data.tidy_invalid_certs;data.tidy_move_legacy_ca_bundle;data.tidy_revocation_queue;data.tidy_revoked_cert_issuer_associations;data.tidy_revoked_certs;data.unified_crl;data.unified_crl_on_existing_paths;lease_duration;lease_id;renewable,exact-pattern,pki-read-issuers-configuration,,,,,,required,required,,,,
POST /pki/config/issuers,secret,POST,/pki/config/issuers,unverified,typed,website/content/api-docs/secret/pki.mdx,acme_account_safety_buffer;aia_path;allow_any_name;allow_bare_domains;allow_glob_domains;allow_ip_sans;allow_localhost;allow_subdomains;allow_wildcard_certificates;allowed_domains;allowed_domains_template;allowed_ip_sans_cidr;allowed_other_sans;allowed_serial_numbers;allowed_uri_sans;allowed_uri_sans_template;allowed_user_ids;auto_rebuild;auto_rebuild_grace_period;basic_constraints_valid_for_non_ca;cel_program;client_flag;cn_validations;code_signing_flag;country;critical;crl_distribution_points;crl_number;crls;default;default_follows_latest_issuer;delta_crl_base_number;delta_crl_distribution_points;delta_rebuild_interval;disable;email_protection_flag;enable_delta;enable_templating;enabled;enforce_hostnames;expiry;ext_key_usage;ext_key_usage_oids;extensions;format;generate_lease;id;interval_duration;issuer_ref;issuer_safety_buffer;issuing_certificates;key_bits;key_type;key_usage;locality;maintain_stored_certificate_counts;max_ttl;name;next_update;no_store;not_after;not_after_bound;not_before;not_before_bound;not_before_duration;ocsp_disable;ocsp_expiry;ocsp_servers;organization;ou;page_size;path;pause_duration;policy_identifiers;postal_code;province;publish_stored_certificate_count_metrics;require_cn;revocation_queue_safety_buffer;revocation_time;revoked_certs;revoked_safety_buffer;safety_buffer;serial_number;server_flag;signature_bits;street_address;tidy_acme;tidy_cert_store;tidy_expired_issuers;tidy_invalid_certs;tidy_move_legacy_ca_bundle;tidy_revoked_cert_issuer_associations;tidy_revoked_certs;ttl;use_csr_common_name;use_csr_sans;use_pss;value,auth;data;data.aia_path;data.auto_rebuild;data.auto_rebuild_grace_period;data.crl;data.crl_distribution_points;data.cross_cluster_revocation;data.default;data.default_follows_latest_issuer;data.delta_crl_distribution_points;data.delta_rebuild_interval;data.disable;data.enable_delta;data.enabled;data.expiry;data.interval_duration;data.issuer_safety_buffer;data.issuing_certificates;data.maintain_stored_certificate_counts;data.ocsp_disable;data.ocsp_expiry;data.ocsp_servers;data.page_size;data.path;data.pause_duration;data.publish_stored_certificate_count_metrics;data.revocation_queue_safety_buffer;data.safety_buffer;data.success;data.tidy_cert_store;data.tidy_cross_cluster_revoked_certs;data.tidy_expired_issuers;data.tidy_invalid_certs;data.tidy_move_legacy_ca_bundle;data.tidy_revocation_queue;data.tidy_revoked_cert_issuer_associations;data.tidy_revoked_certs;data.unified_crl;data.unified_crl_on_existing_paths;lease_duration;lease_id;renewable,exact-pattern,pki-configure-issuers,,,,,,required,required,,,,
GET /pki/config/keys,secret,GET,/pki/config/keys,unverified,typed,website/content/api-docs/secret/pki.mdx,acme_account_safety_buffer;aia_path;allow_any_name;allow_bare_domains;allow_glob_domains;allow_ip_sans;allow_localhost;allow_subdomains;allow_wildcard_certificates;allowed_domains;allowed_domains_template;allowed_ip_sans_cidr;allowed_other_sans;allowed_serial_numbers;allowed_uri_sans;allowed_uri_sans_template;allowed_user_ids;auto_rebuild;auto_rebuild_grace_period;basic_constraints_valid_for_non_ca;cel_program;client_flag;cn_validations;code_signing_flag;country;critical;crl_distribution_points;crl_number;crls;default;default_follows_latest_issuer;delta_crl_base_number;delta_crl_distribution_points;delta_rebuild_interval;disable;email_protection_flag;enable_delta;enable_templating;enabled;enforce_hostnames;expiry;ext_key_usage;ext_key_usage_oids;extensions;format;generate_lease;id;interval_duration;issuer_ref;issuer_safety_buffer;issuing_certificates;key_bits;key_type;key_usage;locality;maintain_stored_certificate_counts;max_ttl;name;next_update;no_store;not_after;not_after_bound;not_before;not_before_bound;not_before_duration;ocsp_disable;ocsp_expiry;ocsp_servers;organization;ou;page_size;path;pause_duration;policy_identifiers;postal_code;province;publish_stored_certificate_count_metrics;require_cn;revocation_queue_safety_buffer;revocation_time;revoked_certs;revoked_safety_buffer;safety_buffer;serial_number;server_flag;signature_bits;street_address;tidy_acme;tidy_cert_store;tidy_expired_issuers;tidy_invalid_certs;tidy_move_legacy_ca_bundle;tidy_revoked_cert_issuer_associations;tidy_revoked_certs;ttl;use_csr_common_name;use_csr_sans;use_pss;value,auth;data;data.aia_path;data.auto_rebuild;data.auto_rebuild_grace_period;data.crl;data.crl_distribution_points;data.cross_cluster_revocation;data.default;data.default_follows_latest_issuer;data.delta_crl_distribution_points;data.delta_rebuild_interval;data.disable;data.enable_delta;data.enabled;data.expiry;data.interval_duration;data.issuer_safety_buffer;data.issuing_certificates;data.maintain_stored_certificate_counts;data.ocsp_disable;data.ocsp_expiry;data.ocsp_servers;data.page_size;data.path;data.pause_duration;data.publish_stored_certificate_count_metrics;data.revocation_queue_safety_buffer;data.safety_buffer;data.success;data.tidy_cert_store;data.tidy_cross_cluster_revoked_certs;data.tidy_expired_issuers;data.tidy_invalid_certs;data.tidy_move_legacy_ca_bundle;data.tidy_revocation_queue;data.tidy_revoked_cert_issuer_associations;data.tidy_revoked_certs;data.unified_crl;data.unified_crl_on_existing_paths;lease_duration;lease_id;renewable,exact-pattern,pki-read-keys-configuration,,,,,,required,required,,,,
POST /pki/config/keys,secret,POST,/pki/config/keys,unverified,typed,website/content/api-docs/secret/pki.mdx,acme_account_safety_buffer;aia_path;allow_any_name;allow_bare_domains;allow_glob_domains;allow_ip_sans;allow_localhost;allow_subdomains;allow_wildcard_certificates;allowed_domains;allowed_domains_template;allowed_ip_sans_cidr;allowed_other_sans;allowed_serial_numbers;allowed_uri_sans;allowed_uri_sans_template;allowed_user_ids;auto_rebuild;auto_rebuild_grace_period;basic_constraints_valid_for_non_ca;cel_program;client_flag;cn_validations;code_signing_flag;country;critical;crl_distribution_points;crl_number;crls;default;default_follows_latest_issuer;delta_crl_base_number;delta_crl_distribution_points;delta_rebuild_interval;disable;email_protection_flag;enable_delta;enable_templating;enabled;enforce_hostnames;expiry;ext_key_usage;ext_key_usage_oids;extensions;format;generate_lease;id;interval_duration;issuer_ref;issuer_safety_buffer;issuing_certificates;key_bits;key_type;key_usage;locality;maintain_stored_certificate_counts;max_ttl;name;next_update;no_store;not_after;not_after_bound;not_before;not_before_bound;not_before_duration;ocsp_disable;ocsp_expiry;ocsp_servers;organization;ou;page_size;path;pause_duration;policy_identifiers;postal_code;province;publish_stored_certificate_count_metrics;require_cn;revocation_queue_safety_buffer;revocation_time;revoked_certs;revoked_safety_buffer;safety_buffer;serial_number;server_flag;signature_bits;street_address;tidy_acme;tidy_cert_store;tidy_expired_issuers;tidy_invalid_certs;tidy_move_legacy_ca_bundle;tidy_revoked_cert_issuer_associations;tidy_revoked_certs;ttl;use_csr_common_name;use_csr_sans;use_pss;value,auth;data;data.aia_path;data.auto_rebuild;data.auto_rebuild_grace_period;data.crl;data.crl_distribution_points;data.cross_cluster_revocation;data.default;data.default_follows_latest_issuer;data.delta_crl_distribution_points;data.delta_rebuild_interval;data.disable;data.enable_delta;data.enabled;data.expiry;data.interval_duration;data.issuer_safety_buffer;data.issuing_certificates;data.maintain_stored_certificate_counts;data.ocsp_disable;data.ocsp_expiry;data.ocsp_servers;data.page_size;data.path;data.pause_duration;data.publish_stored_certificate_count_metrics;data.revocation_queue_safety_buffer;data.safety_buffer;data.success;data.tidy_cert_store;data.tidy_cross_cluster_revoked_certs;data.tidy_expired_issuers;data.tidy_invalid_certs;data.tidy_move_legacy_ca_bundle;data.tidy_revocation_queue;data.tidy_revoked_cert_issuer_associations;data.tidy_revoked_certs;data.unified_crl;data.unified_crl_on_existing_paths;lease_duration;lease_id;renewable,exact-pattern,pki-configure-keys,,,,,,required,required,,,,
GET /pki/config/urls,secret,GET,/pki/config/urls,unverified,typed,website/content/api-docs/secret/pki.mdx,acme_account_safety_buffer;aia_path;allow_any_name;allow_bare_domains;allow_glob_domains;allow_ip_sans;allow_localhost;allow_subdomains;allow_wildcard_certificates;allowed_domains;allowed_domains_template;allowed_ip_sans_cidr;allowed_other_sans;allowed_serial_numbers;allowed_uri_sans;allowed_uri_sans_template;allowed_user_ids;auto_rebuild;auto_rebuild_grace_period;basic_constraints_valid_for_non_ca;cel_program;client_flag;cn_validations;code_signing_flag;country;critical;crl_distribution_points;crl_number;crls;default;default_follows_latest_issuer;delta_crl_base_number;delta_crl_distribution_points;delta_rebuild_interval;disable;email_protection_flag;enable_delta;enable_templating;enabled;enforce_hostnames;expiry;ext_key_usage;ext_key_usage_oids;extensions;format;generate_lease;id;interval_duration;issuer_ref;issuer_safety_buffer;issuing_certificates;key_bits;key_type;key_usage;locality;maintain_stored_certificate_counts;max_ttl;name;next_update;no_store;not_after;not_after_bound;not_before;not_before_bound;not_before_duration;ocsp_disable;ocsp_expiry;ocsp_servers;organization;ou;page_size;path;pause_duration;policy_identifiers;postal_code;province;publish_stored_certificate_count_metrics;require_cn;revocation_queue_safety_buffer;revocation_time;revoked_certs;revoked_safety_buffer;safety_buffer;serial_number;server_flag;signature_bits;street_address;tidy_acme;tidy_cert_store;tidy_expired_issuers;tidy_invalid_certs;tidy_move_legacy_ca_bundle;tidy_revoked_cert_issuer_associations;tidy_revoked_certs;ttl;use_csr_common_name;use_csr_sans;use_pss;value,auth;data;data.aia_path;data.auto_rebuild;data.auto_rebuild_grace_period;data.crl;data.crl_distribution_points;data.cross_cluster_revocation;data.default;data.default_follows_latest_issuer;data.delta_crl_distribution_points;data.delta_rebuild_interval;data.disable;data.enable_delta;data.enabled;data.expiry;data.interval_duration;data.issuer_safety_buffer;data.issuing_certificates;data.maintain_stored_certificate_counts;data.ocsp_disable;data.ocsp_expiry;data.ocsp_servers;data.page_size;data.path;data.pause_duration;data.publish_stored_certificate_count_metrics;data.revocation_queue_safety_buffer;data.safety_buffer;data.success;data.tidy_cert_store;data.tidy_cross_cluster_revoked_certs;data.tidy_expired_issuers;data.tidy_invalid_certs;data.tidy_move_legacy_ca_bundle;data.tidy_revocation_queue;data.tidy_revoked_cert_issuer_associations;data.tidy_revoked_certs;data.unified_crl;data.unified_crl_on_existing_paths;lease_duration;lease_id;renewable,exact-pattern,pki-read-urls-configuration,,,,,,required,required,,,,
POST /pki/config/urls,secret,POST,/pki/config/urls,unverified,typed,website/content/api-docs/secret/pki.mdx,acme_account_safety_buffer;aia_path;allow_any_name;allow_bare_domains;allow_glob_domains;allow_ip_sans;allow_localhost;allow_subdomains;allow_wildcard_certificates;allowed_domains;allowed_domains_template;allowed_ip_sans_cidr;allowed_other_sans;allowed_serial_numbers;allowed_uri_sans;allowed_uri_sans_template;allowed_user_ids;auto_rebuild;auto_rebuild_grace_period;basic_constraints_valid_for_non_ca;cel_program;client_flag;cn_validations;code_signing_flag;country;critical;crl_distribution_points;crl_number;crls;default;default_follows_latest_issuer;delta_crl_base_number;delta_crl_distribution_points;delta_rebuild_interval;disable;email_protection_flag;enable_delta;enable_templating;enabled;enforce_hostnames;expiry;ext_key_usage;ext_key_usage_oids;extensions;format;generate_lease;id;interval_duration;issuer_ref;issuer_safety_buffer;issuing_certificates;key_bits;key_type;key_usage;locality;maintain_stored_certificate_counts;max_ttl;name;next_update;no_store;not_after;not_after_bound;not_before;not_before_bound;not_before_duration;ocsp_disable;ocsp_expiry;ocsp_servers;organization;ou;page_size;path;pause_duration;policy_identifiers;postal_code;province;publish_stored_certificate_count_metrics;require_cn;revocation_queue_safety_buffer;revocation_time;revoked_certs;revoked_safety_buffer;safety_buffer;serial_number;server_flag;signature_bits;street_address;tidy_acme;tidy_cert_store;tidy_expired_issuers;tidy_invalid_certs;tidy_move_legacy_ca_bundle;tidy_revoked_cert_issuer_associations;tidy_revoked_certs;ttl;use_csr_common_name;use_csr_sans;use_pss;value,auth;data;data.aia_path;data.auto_rebuild;data.auto_rebuild_grace_period;data.crl;data.crl_distribution_points;data.cross_cluster_revocation;data.default;data.default_follows_latest_issuer;data.delta_crl_distribution_points;data.delta_rebuild_interval;data.disable;data.enable_delta;data.enabled;data.expiry;data.interval_duration;data.issuer_safety_buffer;data.issuing_certificates;data.maintain_stored_certificate_counts;data.ocsp_disable;data.ocsp_expiry;data.ocsp_servers;data.page_size;data.path;data.pause_duration;data.publish_stored_certificate_count_metrics;data.revocation_queue_safety_buffer;data.safety_buffer;data.success;data.tidy_cert_store;data.tidy_cross_cluster_revoked_certs;data.tidy_expired_issuers;data.tidy_invalid_certs;data.tidy_move_legacy_ca_bundle;data.tidy_revocation_queue;data.tidy_revoked_cert_issuer_associations;data.tidy_revoked_certs;data.unified_crl;data.unified_crl_on_existing_paths;lease_duration;lease_id;renewable,exact-pattern,pki-configure-urls,,,,,,required,required,,,,
GET /pki/crl,secret,GET,/pki/crl,confirmed-gap,external,website/content/api-docs/secret/pki.mdx,after;issuer_ref;limit;serial,data;data.certificate;data.crl;data.issuer_id;data.key_info;data.key_info.1ae8ce9d-2f70-0761-a465-8c9840a247a2;data.key_info.1ae8ce9d-2f70-0761-a465-8c9840a247a2.issuer_name;data.key_info.3dc79a5a-7a6c-70e2-1123-94b88557ba12;data.key_info.3dc79a5a-7a6c-70e2-1123-94b88557ba12.issuer_name;data.keys;data.revocation_time;data.revocation_time_rfc3339,exact-pattern,pki-read-crl-der,,,,,,required,required,,,,
GET /pki/crl/delta,secret,GET,/pki/crl/delta,confirmed-gap,external,website/content/api-docs/secret/pki.mdx,after;issuer_ref;limit;serial,data;data.certificate;data.crl;data.issuer_id;data.key_info;data.key_info.1ae8ce9d-2f70-0761-a465-8c9840a247a2;data.key_info.1ae8ce9d-2f70-0761-a465-8c9840a247a2.issuer_name;data.key_info.3dc79a5a-7a6c-70e2-1123-94b88557ba12;data.key_info.3dc79a5a-7a6c-70e2-1123-94b88557ba12.issuer_name;data.keys;data.revocation_time;data.revocation_time_rfc3339,exact-pattern,pki-read-crl-delta,,,,,,required,required,,,,
GET /pki/crl/delta/pem,secret,GET,/pki/crl/delta/pem,confirmed-gap,external,website/content/api-docs/secret/pki.mdx,after;issuer_ref;limit;serial,data;data.certificate;data.crl;data.issuer_id;data.key_info;data.key_info.1ae8ce9d-2f70-0761-a465-8c9840a247a2;data.key_info.1ae8ce9d-2f70-0761-a465-8c9840a247a2.issuer_name;data.key_info.3dc79a5a-7a6c-70e2-1123-94b88557ba12;data.key_info.3dc79a5a-7a6c-70e2-1123-94b88557ba12.issuer_name;data.keys;data.revocation_time;data.revocation_time_rfc3339,exact-pattern,pki-read-crl-delta-pem,,,,,,required,required,,,,
GET /pki/crl/pem,secret,GET,/pki/crl/pem,confirmed-gap,external,website/content/api-docs/secret/pki.mdx,after;issuer_ref;limit;serial,data;data.certificate;data.crl;data.issuer_id;data.key_info;data.key_info.1ae8ce9d-2f70-0761-a465-8c9840a247a2;data.key_info.1ae8ce9d-2f70-0761-a465-8c9840a247a2.issuer_name;data.key_info.3dc79a5a-7a6c-70e2-1123-94b88557ba12;data.key_info.3dc79a5a-7a6c-70e2-1123-94b88557ba12.issuer_name;data.keys;data.revocation_time;data.revocation_time_rfc3339,exact-pattern,pki-read-crl-pem,,,,,,required,required,,,,
GET /pki/crl/rotate,secret,GET,/pki/crl/rotate,confirmed-gap,typed,website/content/api-docs/secret/pki.mdx,acme_account_safety_buffer;aia_path;allow_any_name;allow_bare_domains;allow_glob_domains;allow_ip_sans;allow_localhost;allow_subdomains;allow_wildcard_certificates;allowed_domains;allowed_domains_template;allowed_ip_sans_cidr;allowed_other_sans;allowed_serial_numbers;allowed_uri_sans;allowed_uri_sans_template;allowed_user_ids;auto_rebuild;auto_rebuild_grace_period;basic_constraints_valid_for_non_ca;cel_program;client_flag;cn_validations;code_signing_flag;country;critical;crl_distribution_points;crl_number;crls;default;default_follows_latest_issuer;delta_crl_base_number;delta_crl_distribution_points;delta_rebuild_interval;disable;email_protection_flag;enable_delta;enable_templating;enabled;enforce_hostnames;expiry;ext_key_usage;ext_key_usage_oids;extensions;format;generate_lease;id;interval_duration;issuer_ref;issuer_safety_buffer;issuing_certificates;key_bits;key_type;key_usage;locality;maintain_stored_certificate_counts;max_ttl;name;next_update;no_store;not_after;not_after_bound;not_before;not_before_bound;not_before_duration;ocsp_disable;ocsp_expiry;ocsp_servers;organization;ou;page_size;path;pause_duration;policy_identifiers;postal_code;province;publish_stored_certificate_count_metrics;require_cn;revocation_queue_safety_buffer;revocation_time;revoked_certs;revoked_safety_buffer;safety_buffer;serial_number;server_flag;signature_bits;street_address;tidy_acme;tidy_cert_store;tidy_expired_issuers;tidy_invalid_certs;tidy_move_legacy_ca_bundle;tidy_revoked_cert_issuer_associations;tidy_revoked_certs;ttl;use_csr_common_name;use_csr_sans;use_pss;value,auth;data;data.aia_path;data.auto_rebuild;data.auto_rebuild_grace_period;data.crl;data.crl_distribution_points;data.cross_cluster_revocation;data.default;data.default_follows_latest_issuer;data.delta_crl_distribution_points;data.delta_rebuild_interval;data.disable;data.enable_delta;data.enabled;data.expiry;data.interval_duration;data.issuer_safety_buffer;data.issuing_certificates;data.maintain_stored_certificate_counts;data.ocsp_disable;data.ocsp_expiry;data.ocsp_servers;data.page_size;data.path;data.pause_duration;data.publish_stored_certificate_count_metrics;data.revocation_queue_safety_buffer;data.safety_buffer;data.success;data.tidy_cert_store;data.tidy_cross_cluster_revoked_certs;data.tidy_expired_issuers;data.tidy_invalid_certs;data.tidy_move_legacy_ca_bundle;data.tidy_revocation_queue;data.tidy_revoked_cert_issuer_associations;data.tidy_revoked_certs;data.unified_crl;data.unified_crl_on_existing_paths;lease_duration;lease_id;renewable,exact-pattern,pki-rotate-crl,,,,,,required,required,,,,
GET /pki/crl/rotate-delta,secret,GET,/pki/crl/rotate-delta,confirmed-gap,typed,website/content/api-docs/secret/pki.mdx,acme_account_safety_buffer;aia_path;allow_any_name;allow_bare_domains;allow_glob_domains;allow_ip_sans;allow_localhost;allow_subdomains;allow_wildcard_certificates;allowed_domains;allowed_domains_template;allowed_ip_sans_cidr;allowed_other_sans;allowed_serial_numbers;allowed_uri_sans;allowed_uri_sans_template;allowed_user_ids;auto_rebuild;auto_rebuild_grace_period;basic_constraints_valid_for_non_ca;cel_program;client_flag;cn_validations;code_signing_flag;country;critical;crl_distribution_points;crl_number;crls;default;default_follows_latest_issuer;delta_crl_base_number;delta_crl_distribution_points;delta_rebuild_interval;disable;email_protection_flag;enable_delta;enable_templating;enabled;enforce_hostnames;expiry;ext_key_usage;ext_key_usage_oids;extensions;format;generate_lease;id;interval_duration;issuer_ref;issuer_safety_buffer;issuing_certificates;key_bits;key_type;key_usage;locality;maintain_stored_certificate_counts;max_ttl;name;next_update;no_store;not_after;not_after_bound;not_before;not_before_bound;not_before_duration;ocsp_disable;ocsp_expiry;ocsp_servers;organization;ou;page_size;path;pause_duration;policy_identifiers;postal_code;province;publish_stored_certificate_count_metrics;require_cn;revocation_queue_safety_buffer;revocation_time;revoked_certs;revoked_safety_buffer;safety_buffer;serial_number;server_flag;signature_bits;street_address;tidy_acme;tidy_cert_store;tidy_expired_issuers;tidy_invalid_certs;tidy_move_legacy_ca_bundle;tidy_revoked_cert_issuer_associations;tidy_revoked_certs;ttl;use_csr_common_name;use_csr_sans;use_pss;value,auth;data;data.aia_path;data.auto_rebuild;data.auto_rebuild_grace_period;data.crl;data.crl_distribution_points;data.cross_cluster_revocation;data.default;data.default_follows_latest_issuer;data.delta_crl_distribution_points;data.delta_rebuild_interval;data.disable;data.enable_delta;data.enabled;data.expiry;data.interval_duration;data.issuer_safety_buffer;data.issuing_certificates;data.maintain_stored_certificate_counts;data.ocsp_disable;data.ocsp_expiry;data.ocsp_servers;data.page_size;data.path;data.pause_duration;data.publish_stored_certificate_count_metrics;data.revocation_queue_safety_buffer;data.safety_buffer;data.success;data.tidy_cert_store;data.tidy_cross_cluster_revoked_certs;data.tidy_expired_issuers;data.tidy_invalid_certs;data.tidy_move_legacy_ca_bundle;data.tidy_revocation_queue;data.tidy_revoked_cert_issuer_associations;data.tidy_revoked_certs;data.unified_crl;data.unified_crl_on_existing_paths;lease_duration;lease_id;renewable,exact-pattern,pki-rotate-delta-crl,,,,,,required,required,,,,
LIST /pki/eab,secret,LIST,/pki/eab,unverified,typed,website/content/api-docs/secret/pki.mdx,after;allow_role_ext_key_usage;allowed_issuers;allowed_roles;default_directory_policy;dns_resolver;eab_policy;enabled;key_id;limit,,exact-pattern,pki-list-eab-keys,,,,,,required,required,,,,
DELETE /pki/eab/:key_id,secret,DELETE,/pki/eab/:key_id,unverified,typed,website/content/api-docs/secret/pki.mdx,after;allow_role_ext_key_usage;allowed_issuers;allowed_roles;default_directory_policy;dns_resolver;eab_policy;enabled;key_id;limit,,exact-pattern,pki-delete-eab-key,,,,,,required,required,,,,
POST /pki/intermediate/cross-sign,secret,POST,/pki/intermediate/cross-sign,unverified,typed-gated,website/content/api-docs/secret/pki.mdx,add_basic_constraints;after;alt_names;certificate;common_name;country;crl_distribution_points;delta_crl_distribution_points;enable_aia_url_templating;exclude_cn_from_sans;ext_key_usage;ext_key_usage_oids;format;ip_sans;issuer_name;issuer_ref;issuing_certificates;key_bits;key_name;key_ref;key_ref;key_type;key_usage;leaf_not_after_behavior;limit;locality;manual_chain;max_path_length;not_after;not_before;not_before_duration;ocsp_servers;organization;other_sans;ou;pem_bundle;permitted_dns_domains;postal_code;private_key_format;province;revocation_signature_algorithm;serial_number;signature_bits;street_address;ttl;type;uri_sans;usage,auth;data;data.certificate;data.existing_issuers;data.existing_keys;data.expiration;data.imported_issuers;data.imported_keys;data.issuer_id;data.issuer_name;data.issuing_ca;data.key_id;data.key_name;data.key_type;data.mapping;data.mapping.1ae8ce9d-2f70-0761-a465-8c9840a247a2;data.serial_number;lease_duration;lease_id;renewable;request_id;warnings,exact-pattern,pki-cross-sign-intermediate,,,,,,required,required,,,,
POST /pki/intermediate/generate/:type,secret,POST,/pki/intermediate/generate/:type,unverified,typed,website/content/api-docs/secret/pki.mdx,add_basic_constraints;after;alt_names;certificate;common_name;country;crl_distribution_points;delta_crl_distribution_points;enable_aia_url_templating;exclude_cn_from_sans;ext_key_usage;ext_key_usage_oids;format;ip_sans;issuer_name;issuer_ref;issuing_certificates;key_bits;key_name;key_ref;key_ref;key_type;key_usage;leaf_not_after_behavior;limit;locality;manual_chain;max_path_length;not_after;not_before;not_before_duration;ocsp_servers;organization;other_sans;ou;pem_bundle;permitted_dns_domains;postal_code;private_key_format;province;revocation_signature_algorithm;serial_number;signature_bits;street_address;ttl;type;uri_sans;usage,auth;data;data.certificate;data.existing_issuers;data.existing_keys;data.expiration;data.imported_issuers;data.imported_keys;data.issuer_id;data.issuer_name;data.issuing_ca;data.key_id;data.key_name;data.key_type;data.mapping;data.mapping.1ae8ce9d-2f70-0761-a465-8c9840a247a2;data.serial_number;lease_duration;lease_id;renewable;request_id;warnings,exact-pattern,pki-generate-intermediate,,,,,,required,required,,,,
POST /pki/intermediate/set-signed,secret,POST,/pki/intermediate/set-signed,unverified,typed,website/content/api-docs/secret/pki.mdx,add_basic_constraints;after;alt_names;certificate;common_name;country;crl_distribution_points;delta_crl_distribution_points;enable_aia_url_templating;exclude_cn_from_sans;ext_key_usage;ext_key_usage_oids;format;ip_sans;issuer_name;issuer_ref;issuing_certificates;key_bits;key_name;key_ref;key_ref;key_type;key_usage;leaf_not_after_behavior;limit;locality;manual_chain;max_path_length;not_after;not_before;not_before_duration;ocsp_servers;organization;other_sans;ou;pem_bundle;permitted_dns_domains;postal_code;private_key_format;province;revocation_signature_algorithm;serial_number;signature_bits;street_address;ttl;type;uri_sans;usage,auth;data;data.certificate;data.existing_issuers;data.existing_keys;data.expiration;data.imported_issuers;data.imported_keys;data.issuer_id;data.issuer_name;data.issuing_ca;data.key_id;data.key_name;data.key_type;data.mapping;data.mapping.1ae8ce9d-2f70-0761-a465-8c9840a247a2;data.serial_number;lease_duration;lease_id;renewable;request_id;warnings,exact-pattern,pki-set-signed-intermediate,,,,,,required,required,,,,
POST /pki/issue/:name,secret,POST,/pki/issue/:name,unverified,typed,website/content/api-docs/secret/pki.mdx,after;alt_names;basic_constraints_valid_for_non_ca;certificate;certificate;common_name;common_name;country;csr;exclude_cn_from_sans;ext_key_usage;ext_key_usage_oids;format;ip_sans;issuer_ref;key_bits;key_type;key_usage;key_usage;limit;locality;max_path_length;name;name;not_after;not_before;not_before_duration;organization;other_sans;ou;permitted_dns_domains;postal_code;private_key;private_key_format;province;remove_roots_from_chain;require_matching_certificate_algorithms;serial_number;serial_number;signature_bits;skid;street_address;ttl;uri_sans;use_csr_values;use_pss;user_ids,auth;data;data.ca_chain;data.certificate;data.expiration;data.issuing_ca;data.key_info;data.key_info.3d:80:91:c3:c2:34:3b:81:69:3d:92:a3:80:69:db:53:04:26:ab:b4;data.key_info.3d:80:91:c3:c2:34:3b:81:69:3d:92:a3:80:69:db:53:04:26:ab:b4.requesting_cluster;data.keys;data.not_before;data.private_key;data.private_key_type;data.revocation_time;data.serial_number;lease_duration;lease_id;renewable;request_id;warnings;wrap_info,exact-pattern,pki-issue-with-role,,,,,,required,required,,,,
DELETE /pki/issuer/:issuer_ref,secret,DELETE,/pki/issuer/:issuer_ref,unverified,typed,website/content/api-docs/secret/pki.mdx,add_basic_constraints;after;alt_names;certificate;common_name;country;crl_distribution_points;delta_crl_distribution_points;enable_aia_url_templating;exclude_cn_from_sans;ext_key_usage;ext_key_usage_oids;format;ip_sans;issuer_name;issuer_ref;issuing_certificates;key_bits;key_name;key_ref;key_ref;key_type;key_usage;leaf_not_after_behavior;limit;locality;manual_chain;max_path_length;not_after;not_before;not_before_duration;ocsp_servers;organization;other_sans;ou;pem_bundle;permitted_dns_domains;postal_code;private_key_format;province;revocation_signature_algorithm;serial_number;signature_bits;street_address;ttl;type;uri_sans;usage,auth;data;data.certificate;data.existing_issuers;data.existing_keys;data.expiration;data.imported_issuers;data.imported_keys;data.issuer_id;data.issuer_name;data.issuing_ca;data.key_id;data.key_name;data.key_type;data.mapping;data.mapping.1ae8ce9d-2f70-0761-a465-8c9840a247a2;data.serial_number;lease_duration;lease_id;renewable;request_id;warnings,exact-pattern,pki-delete-issuer,,,,,,required,required,,,,
GET /pki/issuer/:issuer_ref,secret,GET,/pki/issuer/:issuer_ref,unverified,typed,website/content/api-docs/secret/pki.mdx,add_basic_constraints;after;alt_names;certificate;common_name;country;crl_distribution_points;delta_crl_distribution_points;enable_aia_url_templating;exclude_cn_from_sans;ext_key_usage;ext_key_usage_oids;format;ip_sans;issuer_name;issuer_ref;issuing_certificates;key_bits;key_name;key_ref;key_ref;key_type;key_usage;leaf_not_after_behavior;limit;locality;manual_chain;max_path_length;not_after;not_before;not_before_duration;ocsp_servers;organization;other_sans;ou;pem_bundle;permitted_dns_domains;postal_code;private_key_format;province;revocation_signature_algorithm;serial_number;signature_bits;street_address;ttl;type;uri_sans;usage,auth;data;data.certificate;data.existing_issuers;data.existing_keys;data.expiration;data.imported_issuers;data.imported_keys;data.issuer_id;data.issuer_name;data.issuing_ca;data.key_id;data.key_name;data.key_type;data.mapping;data.mapping.1ae8ce9d-2f70-0761-a465-8c9840a247a2;data.serial_number;lease_duration;lease_id;renewable;request_id;warnings,exact-pattern,pki-read-issuer,,,,,,required,required,,,,
PATCH /pki/issuer/:issuer_ref,secret,PATCH,/pki/issuer/:issuer_ref,unverified,typed,website/content/api-docs/secret/pki.mdx,add_basic_constraints;after;alt_names;certificate;common_name;country;crl_distribution_points;delta_crl_distribution_points;enable_aia_url_templating;exclude_cn_from_sans;ext_key_usage;ext_key_usage_oids;format;ip_sans;issuer_name;issuer_ref;issuing_certificates;key_bits;key_name;key_ref;key_ref;key_type;key_usage;leaf_not_after_behavior;limit;locality;manual_chain;max_path_length;not_after;not_before;not_before_duration;ocsp_servers;organization;other_sans;ou;pem_bundle;permitted_dns_domains;postal_code;private_key_format;province;revocation_signature_algorithm;serial_number;signature_bits;street_address;ttl;type;uri_sans;usage,auth;data;data.certificate;data.existing_issuers;data.existing_keys;data.expiration;data.imported_issuers;data.imported_keys;data.issuer_id;data.issuer_name;data.issuing_ca;data.key_id;data.key_name;data.key_type;data.mapping;data.mapping.1ae8ce9d-2f70-0761-a465-8c9840a247a2;data.serial_number;lease_duration;lease_id;renewable;request_id;warnings,absent,,,,,,,required,required,,,,
POST /pki/issuer/:issuer_ref,secret,POST,/pki/issuer/:issuer_ref,unverified,typed,website/content/api-docs/secret/pki.mdx,add_basic_constraints;after;alt_names;certificate;common_name;country;crl_distribution_points;delta_crl_distribution_points;enable_aia_url_templating;exclude_cn_from_sans;ext_key_usage;ext_key_usage_oids;format;ip_sans;issuer_name;issuer_ref;issuing_certificates;key_bits;key_name;key_ref;key_ref;key_type;key_usage;leaf_not_after_behavior;limit;locality;manual_chain;max_path_length;not_after;not_before;not_before_duration;ocsp_servers;organization;other_sans;ou;pem_bundle;permitted_dns_domains;postal_code;private_key_format;province;revocation_signature_algorithm;serial_number;signature_bits;street_address;ttl;type;uri_sans;usage,auth;data;data.certificate;data.existing_issuers;data.existing_keys;data.expiration;data.imported_issuers;data.imported_keys;data.issuer_id;data.issuer_name;data.issuing_ca;data.key_id;data.key_name;data.key_type;data.mapping;data.mapping.1ae8ce9d-2f70-0761-a465-8c9840a247a2;data.serial_number;lease_duration;lease_id;renewable;request_id;warnings,exact-pattern,pki-write-issuer,,,,,,required,required,,,,
ACME /pki/issuer/:issuer_ref/acme/directory,secret,ACME,/pki/issuer/:issuer_ref/acme/directory,confirmed-gap,external,website/content/api-docs/secret/pki.mdx,after;allow_role_ext_key_usage;allowed_issuers;allowed_roles;default_directory_policy;dns_resolver;eab_policy;enabled;key_id;limit,,absent,,,,,,,required,required,,,,
POST /pki/issuer/:issuer_ref/acme/new-eab,secret,POST,/pki/issuer/:issuer_ref/acme/new-eab,unverified,typed,website/content/api-docs/secret/pki.mdx,after;allow_role_ext_key_usage;allowed_issuers;allowed_roles;default_directory_policy;dns_resolver;eab_policy;enabled;key_id;limit,,exact-pattern,pki-generate-eab-key-for-issuer,,,,,,required,required,,,,
GET /pki/issuer/:issuer_ref/crl,secret,GET,/pki/issuer/:issuer_ref/crl,confirmed-gap,external,website/content/api-docs/secret/pki.mdx,after;issuer_ref;limit;serial,data;data.certificate;data.crl;data.issuer_id;data.key_info;data.key_info.1ae8ce9d-2f70-0761-a465-8c9840a247a2;data.key_info.1ae8ce9d-2f70-0761-a465-8c9840a247a2.issuer_name;data.key_info.3dc79a5a-7a6c-70e2-1123-94b88557ba12;data.key_info.3dc79a5a-7a6c-70e2-1123-94b88557ba12.issuer_name;data.keys;data.revocation_time;data.revocation_time_rfc3339,exact-pattern,pki-issuer-read-crl,,,,,,required,required,,,,
GET /pki/issuer/:issuer_ref/crl/delta,secret,GET,/pki/issuer/:issuer_ref/crl/delta,confirmed-gap,external,website/content/api-docs/secret/pki.mdx,after;issuer_ref;limit;serial,data;data.certificate;data.crl;data.issuer_id;data.key_info;data.key_info.1ae8ce9d-2f70-0761-a465-8c9840a247a2;data.key_info.1ae8ce9d-2f70-0761-a465-8c9840a247a2.issuer_name;data.key_info.3dc79a5a-7a6c-70e2-1123-94b88557ba12;data.key_info.3dc79a5a-7a6c-70e2-1123-94b88557ba12.issuer_name;data.keys;data.revocation_time;data.revocation_time_rfc3339,exact-pattern,pki-issuer-read-crl-delta,,,,,,required,required,,,,
GET /pki/issuer/:issuer_ref/crl/delta/der,secret,GET,/pki/issuer/:issuer_ref/crl/delta/der,confirmed-gap,external,website/content/api-docs/secret/pki.mdx,after;issuer_ref;limit;serial,data;data.certificate;data.crl;data.issuer_id;data.key_info;data.key_info.1ae8ce9d-2f70-0761-a465-8c9840a247a2;data.key_info.1ae8ce9d-2f70-0761-a465-8c9840a247a2.issuer_name;data.key_info.3dc79a5a-7a6c-70e2-1123-94b88557ba12;data.key_info.3dc79a5a-7a6c-70e2-1123-94b88557ba12.issuer_name;data.keys;data.revocation_time;data.revocation_time_rfc3339,exact-pattern,pki-issuer-read-crl-delta-der,,,,,,required,required,,,,
GET /pki/issuer/:issuer_ref/crl/delta/pem,secret,GET,/pki/issuer/:issuer_ref/crl/delta/pem,confirmed-gap,external,website/content/api-docs/secret/pki.mdx,after;issuer_ref;limit;serial,data;data.certificate;data.crl;data.issuer_id;data.key_info;data.key_info.1ae8ce9d-2f70-0761-a465-8c9840a247a2;data.key_info.1ae8ce9d-2f70-0761-a465-8c9840a247a2.issuer_name;data.key_info.3dc79a5a-7a6c-70e2-1123-94b88557ba12;data.key_info.3dc79a5a-7a6c-70e2-1123-94b88557ba12.issuer_name;data.keys;data.revocation_time;data.revocation_time_rfc3339,exact-pattern,pki-issuer-read-crl-delta-pem,,,,,,required,required,,,,
GET /pki/issuer/:issuer_ref/crl/der,secret,GET,/pki/issuer/:issuer_ref/crl/der,confirmed-gap,external,website/content/api-docs/secret/pki.mdx,after;issuer_ref;limit;serial,data;data.certificate;data.crl;data.issuer_id;data.key_info;data.key_info.1ae8ce9d-2f70-0761-a465-8c9840a247a2;data.key_info.1ae8ce9d-2f70-0761-a465-8c9840a247a2.issuer_name;data.key_info.3dc79a5a-7a6c-70e2-1123-94b88557ba12;data.key_info.3dc79a5a-7a6c-70e2-1123-94b88557ba12.issuer_name;data.keys;data.revocation_time;data.revocation_time_rfc3339,exact-pattern,pki-issuer-read-crl-der,,,,,,required,required,,,,
GET /pki/issuer/:issuer_ref/crl/pem,secret,GET,/pki/issuer/:issuer_ref/crl/pem,confirmed-gap,external,website/content/api-docs/secret/pki.mdx,after;issuer_ref;limit;serial,data;data.certificate;data.crl;data.issuer_id;data.key_info;data.key_info.1ae8ce9d-2f70-0761-a465-8c9840a247a2;data.key_info.1ae8ce9d-2f70-0761-a465-8c9840a247a2.issuer_name;data.key_info.3dc79a5a-7a6c-70e2-1123-94b88557ba12;data.key_info.3dc79a5a-7a6c-70e2-1123-94b88557ba12.issuer_name;data.keys;data.revocation_time;data.revocation_time_rfc3339,exact-pattern,pki-issuer-read-crl-pem,,,,,,required,required,,,,
GET /pki/issuer/:issuer_ref/der,secret,GET,/pki/issuer/:issuer_ref/der,confirmed-gap,external,website/content/api-docs/secret/pki.mdx,after;issuer_ref;limit;serial,data;data.certificate;data.crl;data.issuer_id;data.key_info;data.key_info.1ae8ce9d-2f70-0761-a465-8c9840a247a2;data.key_info.1ae8ce9d-2f70-0761-a465-8c9840a247a2.issuer_name;data.key_info.3dc79a5a-7a6c-70e2-1123-94b88557ba12;data.key_info.3dc79a5a-7a6c-70e2-1123-94b88557ba12.issuer_name;data.keys;data.revocation_time;data.revocation_time_rfc3339,exact-pattern,pki-read-issuer-der,,,,,,required,required,,,,
POST /pki/issuer/:issuer_ref/issue/:name,secret,POST,/pki/issuer/:issuer_ref/issue/:name,unverified,typed,website/content/api-docs/secret/pki.mdx,after;alt_names;basic_constraints_valid_for_non_ca;certificate;certificate;common_name;common_name;country;csr;exclude_cn_from_sans;ext_key_usage;ext_key_usage_oids;format;ip_sans;issuer_ref;key_bits;key_type;key_usage;key_usage;limit;locality;max_path_length;name;name;not_after;not_before;not_before_duration;organization;other_sans;ou;permitted_dns_domains;postal_code;private_key;private_key_format;province;remove_roots_from_chain;require_matching_certificate_algorithms;serial_number;serial_number;signature_bits;skid;street_address;ttl;uri_sans;use_csr_values;use_pss;user_ids,auth;data;data.ca_chain;data.certificate;data.expiration;data.issuing_ca;data.key_info;data.key_info.3d:80:91:c3:c2:34:3b:81:69:3d:92:a3:80:69:db:53:04:26:ab:b4;data.key_info.3d:80:91:c3:c2:34:3b:81:69:3d:92:a3:80:69:db:53:04:26:ab:b4.requesting_cluster;data.keys;data.not_before;data.private_key;data.private_key_type;data.revocation_time;data.serial_number;lease_duration;lease_id;renewable;request_id;warnings;wrap_info,exact-pattern,pki-issuer-issue-with-role,,,,,,required,required,,,,
GET /pki/issuer/:issuer_ref/json,secret,GET,/pki/issuer/:issuer_ref/json,confirmed-gap,external,website/content/api-docs/secret/pki.mdx,after;issuer_ref;limit;serial,data;data.certificate;data.crl;data.issuer_id;data.key_info;data.key_info.1ae8ce9d-2f70-0761-a465-8c9840a247a2;data.key_info.1ae8ce9d-2f70-0761-a465-8c9840a247a2.issuer_name;data.key_info.3dc79a5a-7a6c-70e2-1123-94b88557ba12;data.key_info.3dc79a5a-7a6c-70e2-1123-94b88557ba12.issuer_name;data.keys;data.revocation_time;data.revocation_time_rfc3339,exact-pattern,pki-read-issuer-json,,,,,,required,required,,,,
GET /pki/issuer/:issuer_ref/pem,secret,GET,/pki/issuer/:issuer_ref/pem,confirmed-gap,external,website/content/api-docs/secret/pki.mdx,after;issuer_ref;limit;serial,data;data.certificate;data.crl;data.issuer_id;data.key_info;data.key_info.1ae8ce9d-2f70-0761-a465-8c9840a247a2;data.key_info.1ae8ce9d-2f70-0761-a465-8c9840a247a2.issuer_name;data.key_info.3dc79a5a-7a6c-70e2-1123-94b88557ba12;data.key_info.3dc79a5a-7a6c-70e2-1123-94b88557ba12.issuer_name;data.keys;data.revocation_time;data.revocation_time_rfc3339,exact-pattern,pki-read-issuer-pem,,,,,,required,required,,,,
POST /pki/issuer/:issuer_ref/resign-crls,secret,POST,/pki/issuer/:issuer_ref/resign-crls,unverified,typed,website/content/api-docs/secret/pki.mdx,acme_account_safety_buffer;aia_path;allow_any_name;allow_bare_domains;allow_glob_domains;allow_ip_sans;allow_localhost;allow_subdomains;allow_wildcard_certificates;allowed_domains;allowed_domains_template;allowed_ip_sans_cidr;allowed_other_sans;allowed_serial_numbers;allowed_uri_sans;allowed_uri_sans_template;allowed_user_ids;auto_rebuild;auto_rebuild_grace_period;basic_constraints_valid_for_non_ca;cel_program;client_flag;cn_validations;code_signing_flag;country;critical;crl_distribution_points;crl_number;crls;default;default_follows_latest_issuer;delta_crl_base_number;delta_crl_distribution_points;delta_rebuild_interval;disable;email_protection_flag;enable_delta;enable_templating;enabled;enforce_hostnames;expiry;ext_key_usage;ext_key_usage_oids;extensions;format;generate_lease;id;interval_duration;issuer_ref;issuer_safety_buffer;issuing_certificates;key_bits;key_type;key_usage;locality;maintain_stored_certificate_counts;max_ttl;name;next_update;no_store;not_after;not_after_bound;not_before;not_before_bound;not_before_duration;ocsp_disable;ocsp_expiry;ocsp_servers;organization;ou;page_size;path;pause_duration;policy_identifiers;postal_code;province;publish_stored_certificate_count_metrics;require_cn;revocation_queue_safety_buffer;revocation_time;revoked_certs;revoked_safety_buffer;safety_buffer;serial_number;server_flag;signature_bits;street_address;tidy_acme;tidy_cert_store;tidy_expired_issuers;tidy_invalid_certs;tidy_move_legacy_ca_bundle;tidy_revoked_cert_issuer_associations;tidy_revoked_certs;ttl;use_csr_common_name;use_csr_sans;use_pss;value,auth;data;data.aia_path;data.auto_rebuild;data.auto_rebuild_grace_period;data.crl;data.crl_distribution_points;data.cross_cluster_revocation;data.default;data.default_follows_latest_issuer;data.delta_crl_distribution_points;data.delta_rebuild_interval;data.disable;data.enable_delta;data.enabled;data.expiry;data.interval_duration;data.issuer_safety_buffer;data.issuing_certificates;data.maintain_stored_certificate_counts;data.ocsp_disable;data.ocsp_expiry;data.ocsp_servers;data.page_size;data.path;data.pause_duration;data.publish_stored_certificate_count_metrics;data.revocation_queue_safety_buffer;data.safety_buffer;data.success;data.tidy_cert_store;data.tidy_cross_cluster_revoked_certs;data.tidy_expired_issuers;data.tidy_invalid_certs;data.tidy_move_legacy_ca_bundle;data.tidy_revocation_queue;data.tidy_revoked_cert_issuer_associations;data.tidy_revoked_certs;data.unified_crl;data.unified_crl_on_existing_paths;lease_duration;lease_id;renewable,exact-pattern,pki-issuer-resign-crls,,,,,,required,required,,,,
POST /pki/issuer/:issuer_ref/revoke,secret,POST,/pki/issuer/:issuer_ref/revoke,unverified,typed,website/content/api-docs/secret/pki.mdx,add_basic_constraints;after;alt_names;certificate;common_name;country;crl_distribution_points;delta_crl_distribution_points;enable_aia_url_templating;exclude_cn_from_sans;ext_key_usage;ext_key_usage_oids;format;ip_sans;issuer_name;issuer_ref;issuing_certificates;key_bits;key_name;key_ref;key_ref;key_type;key_usage;leaf_not_after_behavior;limit;locality;manual_chain;max_path_length;not_after;not_before;not_before_duration;ocsp_servers;organization;other_sans;ou;pem_bundle;permitted_dns_domains;postal_code;private_key_format;province;revocation_signature_algorithm;serial_number;signature_bits;street_address;ttl;type;uri_sans;usage,auth;data;data.certificate;data.existing_issuers;data.existing_keys;data.expiration;data.imported_issuers;data.imported_keys;data.issuer_id;data.issuer_name;data.issuing_ca;data.key_id;data.key_name;data.key_type;data.mapping;data.mapping.1ae8ce9d-2f70-0761-a465-8c9840a247a2;data.serial_number;lease_duration;lease_id;renewable;request_id;warnings,exact-pattern,pki-revoke-issuer,,,,,,required,required,,,,
ACME /pki/issuer/:issuer_ref/roles/:role/acme/directory,secret,ACME,/pki/issuer/:issuer_ref/roles/:role/acme/directory,confirmed-gap,external,website/content/api-docs/secret/pki.mdx,after;allow_role_ext_key_usage;allowed_issuers;allowed_roles;default_directory_policy;dns_resolver;eab_policy;enabled;key_id;limit,,absent,,,,,,,required,required,,,,
POST /pki/issuer/:issuer_ref/roles/:role/acme/new-eab,secret,POST,/pki/issuer/:issuer_ref/roles/:role/acme/new-eab,unverified,typed,website/content/api-docs/secret/pki.mdx,after;allow_role_ext_key_usage;allowed_issuers;allowed_roles;default_directory_policy;dns_resolver;eab_policy;enabled;key_id;limit,,exact-pattern,pki-generate-eab-key-for-issuer-and-role,,,,,,required,required,,,,
POST /pki/issuer/:issuer_ref/sign-intermediate,secret,POST,/pki/issuer/:issuer_ref/sign-intermediate,unverified,typed,website/content/api-docs/secret/pki.mdx,after;alt_names;basic_constraints_valid_for_non_ca;certificate;certificate;common_name;common_name;country;csr;exclude_cn_from_sans;ext_key_usage;ext_key_usage_oids;format;ip_sans;issuer_ref;key_bits;key_type;key_usage;key_usage;limit;locality;max_path_length;name;name;not_after;not_before;not_before_duration;organization;other_sans;ou;permitted_dns_domains;postal_code;private_key;private_key_format;province;remove_roots_from_chain;require_matching_certificate_algorithms;serial_number;serial_number;signature_bits;skid;street_address;ttl;uri_sans;use_csr_values;use_pss;user_ids,auth;data;data.ca_chain;data.certificate;data.expiration;data.issuing_ca;data.key_info;data.key_info.3d:80:91:c3:c2:34:3b:81:69:3d:92:a3:80:69:db:53:04:26:ab:b4;data.key_info.3d:80:91:c3:c2:34:3b:81:69:3d:92:a3:80:69:db:53:04:26:ab:b4.requesting_cluster;data.keys;data.not_before;data.private_key;data.private_key_type;data.revocation_time;data.serial_number;lease_duration;lease_id;renewable;request_id;warnings;wrap_info,exact-pattern,pki-issuer-sign-intermediate,,,,,,required,required,,,,
POST /pki/issuer/:issuer_ref/sign-revocation-list,secret,POST,/pki/issuer/:issuer_ref/sign-revocation-list,unverified,typed-gated,website/content/api-docs/secret/pki.mdx,acme_account_safety_buffer;aia_path;allow_any_name;allow_bare_domains;allow_glob_domains;allow_ip_sans;allow_localhost;allow_subdomains;allow_wildcard_certificates;allowed_domains;allowed_domains_template;allowed_ip_sans_cidr;allowed_other_sans;allowed_serial_numbers;allowed_uri_sans;allowed_uri_sans_template;allowed_user_ids;auto_rebuild;auto_rebuild_grace_period;basic_constraints_valid_for_non_ca;cel_program;client_flag;cn_validations;code_signing_flag;country;critical;crl_distribution_points;crl_number;crls;default;default_follows_latest_issuer;delta_crl_base_number;delta_crl_distribution_points;delta_rebuild_interval;disable;email_protection_flag;enable_delta;enable_templating;enabled;enforce_hostnames;expiry;ext_key_usage;ext_key_usage_oids;extensions;format;generate_lease;id;interval_duration;issuer_ref;issuer_safety_buffer;issuing_certificates;key_bits;key_type;key_usage;locality;maintain_stored_certificate_counts;max_ttl;name;next_update;no_store;not_after;not_after_bound;not_before;not_before_bound;not_before_duration;ocsp_disable;ocsp_expiry;ocsp_servers;organization;ou;page_size;path;pause_duration;policy_identifiers;postal_code;province;publish_stored_certificate_count_metrics;require_cn;revocation_queue_safety_buffer;revocation_time;revoked_certs;revoked_safety_buffer;safety_buffer;serial_number;server_flag;signature_bits;street_address;tidy_acme;tidy_cert_store;tidy_expired_issuers;tidy_invalid_certs;tidy_move_legacy_ca_bundle;tidy_revoked_cert_issuer_associations;tidy_revoked_certs;ttl;use_csr_common_name;use_csr_sans;use_pss;value,auth;data;data.aia_path;data.auto_rebuild;data.auto_rebuild_grace_period;data.crl;data.crl_distribution_points;data.cross_cluster_revocation;data.default;data.default_follows_latest_issuer;data.delta_crl_distribution_points;data.delta_rebuild_interval;data.disable;data.enable_delta;data.enabled;data.expiry;data.interval_duration;data.issuer_safety_buffer;data.issuing_certificates;data.maintain_stored_certificate_counts;data.ocsp_disable;data.ocsp_expiry;data.ocsp_servers;data.page_size;data.path;data.pause_duration;data.publish_stored_certificate_count_metrics;data.revocation_queue_safety_buffer;data.safety_buffer;data.success;data.tidy_cert_store;data.tidy_cross_cluster_revoked_certs;data.tidy_expired_issuers;data.tidy_invalid_certs;data.tidy_move_legacy_ca_bundle;data.tidy_revocation_queue;data.tidy_revoked_cert_issuer_associations;data.tidy_revoked_certs;data.unified_crl;data.unified_crl_on_existing_paths;lease_duration;lease_id;renewable,exact-pattern,pki-issuer-sign-revocation-list,,,,,,required,required,,,,
POST /pki/issuer/:issuer_ref/sign-self-issued,secret,POST,/pki/issuer/:issuer_ref/sign-self-issued,unverified,typed-gated,website/content/api-docs/secret/pki.mdx,after;alt_names;basic_constraints_valid_for_non_ca;certificate;certificate;common_name;common_name;country;csr;exclude_cn_from_sans;ext_key_usage;ext_key_usage_oids;format;ip_sans;issuer_ref;key_bits;key_type;key_usage;key_usage;limit;locality;max_path_length;name;name;not_after;not_before;not_before_duration;organization;other_sans;ou;permitted_dns_domains;postal_code;private_key;private_key_format;province;remove_roots_from_chain;require_matching_certificate_algorithms;serial_number;serial_number;signature_bits;skid;street_address;ttl;uri_sans;use_csr_values;use_pss;user_ids,auth;data;data.ca_chain;data.certificate;data.expiration;data.issuing_ca;data.key_info;data.key_info.3d:80:91:c3:c2:34:3b:81:69:3d:92:a3:80:69:db:53:04:26:ab:b4;data.key_info.3d:80:91:c3:c2:34:3b:81:69:3d:92:a3:80:69:db:53:04:26:ab:b4.requesting_cluster;data.keys;data.not_before;data.private_key;data.private_key_type;data.revocation_time;data.serial_number;lease_duration;lease_id;renewable;request_id;warnings;wrap_info,exact-pattern,pki-issuer-sign-self-issued,,,,,,required,required,,,,
POST /pki/issuer/:issuer_ref/sign-verbatim(/:name),secret,POST,/pki/issuer/:issuer_ref/sign-verbatim(/:name),unverified,typed-gated,website/content/api-docs/secret/pki.mdx,after;alt_names;basic_constraints_valid_for_non_ca;certificate;certificate;common_name;common_name;country;csr;exclude_cn_from_sans;ext_key_usage;ext_key_usage_oids;format;ip_sans;issuer_ref;key_bits;key_type;key_usage;key_usage;limit;locality;max_path_length;name;name;not_after;not_before;not_before_duration;organization;other_sans;ou;permitted_dns_domains;postal_code;private_key;private_key_format;province;remove_roots_from_chain;require_matching_certificate_algorithms;serial_number;serial_number;signature_bits;skid;street_address;ttl;uri_sans;use_csr_values;use_pss;user_ids,auth;data;data.ca_chain;data.certificate;data.expiration;data.issuing_ca;data.key_info;data.key_info.3d:80:91:c3:c2:34:3b:81:69:3d:92:a3:80:69:db:53:04:26:ab:b4;data.key_info.3d:80:91:c3:c2:34:3b:81:69:3d:92:a3:80:69:db:53:04:26:ab:b4.requesting_cluster;data.keys;data.not_before;data.private_key;data.private_key_type;data.revocation_time;data.serial_number;lease_duration;lease_id;renewable;request_id;warnings;wrap_info,exact-pattern,pki-issuer-sign-verbatim-with-role,,,,,,required,required,,,,
POST /pki/issuer/:issuer_ref/sign/:name,secret,POST,/pki/issuer/:issuer_ref/sign/:name,unverified,typed,website/content/api-docs/secret/pki.mdx,after;alt_names;basic_constraints_valid_for_non_ca;certificate;certificate;common_name;common_name;country;csr;exclude_cn_from_sans;ext_key_usage;ext_key_usage_oids;format;ip_sans;issuer_ref;key_bits;key_type;key_usage;key_usage;limit;locality;max_path_length;name;name;not_after;not_before;not_before_duration;organization;other_sans;ou;permitted_dns_domains;postal_code;private_key;private_key_format;province;remove_roots_from_chain;require_matching_certificate_algorithms;serial_number;serial_number;signature_bits;skid;street_address;ttl;uri_sans;use_csr_values;use_pss;user_ids,auth;data;data.ca_chain;data.certificate;data.expiration;data.issuing_ca;data.key_info;data.key_info.3d:80:91:c3:c2:34:3b:81:69:3d:92:a3:80:69:db:53:04:26:ab:b4;data.key_info.3d:80:91:c3:c2:34:3b:81:69:3d:92:a3:80:69:db:53:04:26:ab:b4.requesting_cluster;data.keys;data.not_before;data.private_key;data.private_key_type;data.revocation_time;data.serial_number;lease_duration;lease_id;renewable;request_id;warnings;wrap_info,exact-pattern,pki-issuer-sign-with-role,,,,,,required,required,,,,
LIST /pki/issuers,secret,LIST,/pki/issuers,unverified,typed,website/content/api-docs/secret/pki.mdx,after;issuer_ref;limit;serial,data;data.certificate;data.crl;data.issuer_id;data.key_info;data.key_info.1ae8ce9d-2f70-0761-a465-8c9840a247a2;data.key_info.1ae8ce9d-2f70-0761-a465-8c9840a247a2.issuer_name;data.key_info.3dc79a5a-7a6c-70e2-1123-94b88557ba12;data.key_info.3dc79a5a-7a6c-70e2-1123-94b88557ba12.issuer_name;data.keys;data.revocation_time;data.revocation_time_rfc3339,exact-pattern,pki-list-issuers,,,,,,required,required,,,,
POST /pki/issuers/generate/intermediate/:type,secret,POST,/pki/issuers/generate/intermediate/:type,unverified,typed,website/content/api-docs/secret/pki.mdx,add_basic_constraints;after;alt_names;certificate;common_name;country;crl_distribution_points;delta_crl_distribution_points;enable_aia_url_templating;exclude_cn_from_sans;ext_key_usage;ext_key_usage_oids;format;ip_sans;issuer_name;issuer_ref;issuing_certificates;key_bits;key_name;key_ref;key_ref;key_type;key_usage;leaf_not_after_behavior;limit;locality;manual_chain;max_path_length;not_after;not_before;not_before_duration;ocsp_servers;organization;other_sans;ou;pem_bundle;permitted_dns_domains;postal_code;private_key_format;province;revocation_signature_algorithm;serial_number;signature_bits;street_address;ttl;type;uri_sans;usage,auth;data;data.certificate;data.existing_issuers;data.existing_keys;data.expiration;data.imported_issuers;data.imported_keys;data.issuer_id;data.issuer_name;data.issuing_ca;data.key_id;data.key_name;data.key_type;data.mapping;data.mapping.1ae8ce9d-2f70-0761-a465-8c9840a247a2;data.serial_number;lease_duration;lease_id;renewable;request_id;warnings,exact-pattern,pki-issuers-generate-intermediate,,,,,,required,required,,,,
POST /pki/issuers/generate/root/:type,secret,POST,/pki/issuers/generate/root/:type,unverified,typed,website/content/api-docs/secret/pki.mdx,add_basic_constraints;after;alt_names;certificate;common_name;country;crl_distribution_points;delta_crl_distribution_points;enable_aia_url_templating;exclude_cn_from_sans;ext_key_usage;ext_key_usage_oids;format;ip_sans;issuer_name;issuer_ref;issuing_certificates;key_bits;key_name;key_ref;key_ref;key_type;key_usage;leaf_not_after_behavior;limit;locality;manual_chain;max_path_length;not_after;not_before;not_before_duration;ocsp_servers;organization;other_sans;ou;pem_bundle;permitted_dns_domains;postal_code;private_key_format;province;revocation_signature_algorithm;serial_number;signature_bits;street_address;ttl;type;uri_sans;usage,auth;data;data.certificate;data.existing_issuers;data.existing_keys;data.expiration;data.imported_issuers;data.imported_keys;data.issuer_id;data.issuer_name;data.issuing_ca;data.key_id;data.key_name;data.key_type;data.mapping;data.mapping.1ae8ce9d-2f70-0761-a465-8c9840a247a2;data.serial_number;lease_duration;lease_id;renewable;request_id;warnings,exact-pattern,pki-issuers-generate-root,,,,,,required,required,,,,
POST /pki/issuers/import/bundle,secret,POST,/pki/issuers/import/bundle,unverified,typed,website/content/api-docs/secret/pki.mdx,add_basic_constraints;after;alt_names;certificate;common_name;country;crl_distribution_points;delta_crl_distribution_points;enable_aia_url_templating;exclude_cn_from_sans;ext_key_usage;ext_key_usage_oids;format;ip_sans;issuer_name;issuer_ref;issuing_certificates;key_bits;key_name;key_ref;key_ref;key_type;key_usage;leaf_not_after_behavior;limit;locality;manual_chain;max_path_length;not_after;not_before;not_before_duration;ocsp_servers;organization;other_sans;ou;pem_bundle;permitted_dns_domains;postal_code;private_key_format;province;revocation_signature_algorithm;serial_number;signature_bits;street_address;ttl;type;uri_sans;usage,auth;data;data.certificate;data.existing_issuers;data.existing_keys;data.expiration;data.imported_issuers;data.imported_keys;data.issuer_id;data.issuer_name;data.issuing_ca;data.key_id;data.key_name;data.key_type;data.mapping;data.mapping.1ae8ce9d-2f70-0761-a465-8c9840a247a2;data.serial_number;lease_duration;lease_id;renewable;request_id;warnings,exact-pattern,pki-issuers-import-bundle,,,,,,required,required,,,,
POST /pki/issuers/import/cert,secret,POST,/pki/issuers/import/cert,unverified,typed,website/content/api-docs/secret/pki.mdx,add_basic_constraints;after;alt_names;certificate;common_name;country;crl_distribution_points;delta_crl_distribution_points;enable_aia_url_templating;exclude_cn_from_sans;ext_key_usage;ext_key_usage_oids;format;ip_sans;issuer_name;issuer_ref;issuing_certificates;key_bits;key_name;key_ref;key_ref;key_type;key_usage;leaf_not_after_behavior;limit;locality;manual_chain;max_path_length;not_after;not_before;not_before_duration;ocsp_servers;organization;other_sans;ou;pem_bundle;permitted_dns_domains;postal_code;private_key_format;province;revocation_signature_algorithm;serial_number;signature_bits;street_address;ttl;type;uri_sans;usage,auth;data;data.certificate;data.existing_issuers;data.existing_keys;data.expiration;data.imported_issuers;data.imported_keys;data.issuer_id;data.issuer_name;data.issuing_ca;data.key_id;data.key_name;data.key_type;data.mapping;data.mapping.1ae8ce9d-2f70-0761-a465-8c9840a247a2;data.serial_number;lease_duration;lease_id;renewable;request_id;warnings,exact-pattern,pki-issuers-import-cert,,,,,,required,required,,,,
DELETE /pki/key/:key_ref,secret,DELETE,/pki/key/:key_ref,unverified,typed,website/content/api-docs/secret/pki.mdx,add_basic_constraints;after;alt_names;certificate;common_name;country;crl_distribution_points;delta_crl_distribution_points;enable_aia_url_templating;exclude_cn_from_sans;ext_key_usage;ext_key_usage_oids;format;ip_sans;issuer_name;issuer_ref;issuing_certificates;key_bits;key_name;key_ref;key_ref;key_type;key_usage;leaf_not_after_behavior;limit;locality;manual_chain;max_path_length;not_after;not_before;not_before_duration;ocsp_servers;organization;other_sans;ou;pem_bundle;permitted_dns_domains;postal_code;private_key_format;province;revocation_signature_algorithm;serial_number;signature_bits;street_address;ttl;type;uri_sans;usage,auth;data;data.certificate;data.existing_issuers;data.existing_keys;data.expiration;data.imported_issuers;data.imported_keys;data.issuer_id;data.issuer_name;data.issuing_ca;data.key_id;data.key_name;data.key_type;data.mapping;data.mapping.1ae8ce9d-2f70-0761-a465-8c9840a247a2;data.serial_number;lease_duration;lease_id;renewable;request_id;warnings,exact-pattern,pki-delete-key,,,,,,required,required,,,,
GET /pki/key/:key_ref,secret,GET,/pki/key/:key_ref,unverified,typed,website/content/api-docs/secret/pki.mdx,add_basic_constraints;after;alt_names;certificate;common_name;country;crl_distribution_points;delta_crl_distribution_points;enable_aia_url_templating;exclude_cn_from_sans;ext_key_usage;ext_key_usage_oids;format;ip_sans;issuer_name;issuer_ref;issuing_certificates;key_bits;key_name;key_ref;key_ref;key_type;key_usage;leaf_not_after_behavior;limit;locality;manual_chain;max_path_length;not_after;not_before;not_before_duration;ocsp_servers;organization;other_sans;ou;pem_bundle;permitted_dns_domains;postal_code;private_key_format;province;revocation_signature_algorithm;serial_number;signature_bits;street_address;ttl;type;uri_sans;usage,auth;data;data.certificate;data.existing_issuers;data.existing_keys;data.expiration;data.imported_issuers;data.imported_keys;data.issuer_id;data.issuer_name;data.issuing_ca;data.key_id;data.key_name;data.key_type;data.mapping;data.mapping.1ae8ce9d-2f70-0761-a465-8c9840a247a2;data.serial_number;lease_duration;lease_id;renewable;request_id;warnings,exact-pattern,pki-read-key,,,,,,required,required,,,,
POST /pki/key/:key_ref,secret,POST,/pki/key/:key_ref,unverified,typed,website/content/api-docs/secret/pki.mdx,add_basic_constraints;after;alt_names;certificate;common_name;country;crl_distribution_points;delta_crl_distribution_points;enable_aia_url_templating;exclude_cn_from_sans;ext_key_usage;ext_key_usage_oids;format;ip_sans;issuer_name;issuer_ref;issuing_certificates;key_bits;key_name;key_ref;key_ref;key_type;key_usage;leaf_not_after_behavior;limit;locality;manual_chain;max_path_length;not_after;not_before;not_before_duration;ocsp_servers;organization;other_sans;ou;pem_bundle;permitted_dns_domains;postal_code;private_key_format;province;revocation_signature_algorithm;serial_number;signature_bits;street_address;ttl;type;uri_sans;usage,auth;data;data.certificate;data.existing_issuers;data.existing_keys;data.expiration;data.imported_issuers;data.imported_keys;data.issuer_id;data.issuer_name;data.issuing_ca;data.key_id;data.key_name;data.key_type;data.mapping;data.mapping.1ae8ce9d-2f70-0761-a465-8c9840a247a2;data.serial_number;lease_duration;lease_id;renewable;request_id;warnings,exact-pattern,pki-write-key,,,,,,required,required,,,,
LIST /pki/keys,secret,LIST,/pki/keys,unverified,typed,website/content/api-docs/secret/pki.mdx,add_basic_constraints;after;alt_names;certificate;common_name;country;crl_distribution_points;delta_crl_distribution_points;enable_aia_url_templating;exclude_cn_from_sans;ext_key_usage;ext_key_usage_oids;format;ip_sans;issuer_name;issuer_ref;issuing_certificates;key_bits;key_name;key_ref;key_ref;key_type;key_usage;leaf_not_after_behavior;limit;locality;manual_chain;max_path_length;not_after;not_before;not_before_duration;ocsp_servers;organization;other_sans;ou;pem_bundle;permitted_dns_domains;postal_code;private_key_format;province;revocation_signature_algorithm;serial_number;signature_bits;street_address;ttl;type;uri_sans;usage,auth;data;data.certificate;data.existing_issuers;data.existing_keys;data.expiration;data.imported_issuers;data.imported_keys;data.issuer_id;data.issuer_name;data.issuing_ca;data.key_id;data.key_name;data.key_type;data.mapping;data.mapping.1ae8ce9d-2f70-0761-a465-8c9840a247a2;data.serial_number;lease_duration;lease_id;renewable;request_id;warnings,exact-pattern,pki-list-keys,,,,,,required,required,,,,
POST /pki/keys/generate/:type,secret,POST,/pki/keys/generate/:type,unverified,typed,website/content/api-docs/secret/pki.mdx,add_basic_constraints;after;alt_names;certificate;common_name;country;crl_distribution_points;delta_crl_distribution_points;enable_aia_url_templating;exclude_cn_from_sans;ext_key_usage;ext_key_usage_oids;format;ip_sans;issuer_name;issuer_ref;issuing_certificates;key_bits;key_name;key_ref;key_ref;key_type;key_usage;leaf_not_after_behavior;limit;locality;manual_chain;max_path_length;not_after;not_before;not_before_duration;ocsp_servers;organization;other_sans;ou;pem_bundle;permitted_dns_domains;postal_code;private_key_format;province;revocation_signature_algorithm;serial_number;signature_bits;street_address;ttl;type;uri_sans;usage,auth;data;data.certificate;data.existing_issuers;data.existing_keys;data.expiration;data.imported_issuers;data.imported_keys;data.issuer_id;data.issuer_name;data.issuing_ca;data.key_id;data.key_name;data.key_type;data.mapping;data.mapping.1ae8ce9d-2f70-0761-a465-8c9840a247a2;data.serial_number;lease_duration;lease_id;renewable;request_id;warnings,ambiguous,,,,,,,required,required,,,,
POST /pki/keys/import,secret,POST,/pki/keys/import,unverified,typed,website/content/api-docs/secret/pki.mdx,add_basic_constraints;after;alt_names;certificate;common_name;country;crl_distribution_points;delta_crl_distribution_points;enable_aia_url_templating;exclude_cn_from_sans;ext_key_usage;ext_key_usage_oids;format;ip_sans;issuer_name;issuer_ref;issuing_certificates;key_bits;key_name;key_ref;key_ref;key_type;key_usage;leaf_not_after_behavior;limit;locality;manual_chain;max_path_length;not_after;not_before;not_before_duration;ocsp_servers;organization;other_sans;ou;pem_bundle;permitted_dns_domains;postal_code;private_key_format;province;revocation_signature_algorithm;serial_number;signature_bits;street_address;ttl;type;uri_sans;usage,auth;data;data.certificate;data.existing_issuers;data.existing_keys;data.expiration;data.imported_issuers;data.imported_keys;data.issuer_id;data.issuer_name;data.issuing_ca;data.key_id;data.key_name;data.key_type;data.mapping;data.mapping.1ae8ce9d-2f70-0761-a465-8c9840a247a2;data.serial_number;lease_duration;lease_id;renewable;request_id;warnings,exact-pattern,pki-import-key,,,,,,required,required,,,,
POST /pki/ocsp,secret,POST,/pki/ocsp,confirmed-gap,external,website/content/api-docs/secret/pki.mdx,after;issuer_ref;limit;serial,data;data.certificate;data.crl;data.issuer_id;data.key_info;data.key_info.1ae8ce9d-2f70-0761-a465-8c9840a247a2;data.key_info.1ae8ce9d-2f70-0761-a465-8c9840a247a2.issuer_name;data.key_info.3dc79a5a-7a6c-70e2-1123-94b88557ba12;data.key_info.3dc79a5a-7a6c-70e2-1123-94b88557ba12.issuer_name;data.keys;data.revocation_time;data.revocation_time_rfc3339,exact-pattern,pki-query-ocsp,,,,,,required,required,,,,
GET /pki/ocsp/<base 64+URL encoded ocsp DER request>,secret,GET,/pki/ocsp/<base 64+URL encoded ocsp DER request>,confirmed-gap,external,website/content/api-docs/secret/pki.mdx,after;issuer_ref;limit;serial,data;data.certificate;data.crl;data.issuer_id;data.key_info;data.key_info.1ae8ce9d-2f70-0761-a465-8c9840a247a2;data.key_info.1ae8ce9d-2f70-0761-a465-8c9840a247a2.issuer_name;data.key_info.3dc79a5a-7a6c-70e2-1123-94b88557ba12;data.key_info.3dc79a5a-7a6c-70e2-1123-94b88557ba12.issuer_name;data.keys;data.revocation_time;data.revocation_time_rfc3339,exact-pattern,pki-query-ocsp-with-get-req,,,,,,required,required,,,,
POST /pki/revoke,secret,POST,/pki/revoke,unverified,typed,website/content/api-docs/secret/pki.mdx,after;alt_names;basic_constraints_valid_for_non_ca;certificate;certificate;common_name;common_name;country;csr;exclude_cn_from_sans;ext_key_usage;ext_key_usage_oids;format;ip_sans;issuer_ref;key_bits;key_type;key_usage;key_usage;limit;locality;max_path_length;name;name;not_after;not_before;not_before_duration;organization;other_sans;ou;permitted_dns_domains;postal_code;private_key;private_key_format;province;remove_roots_from_chain;require_matching_certificate_algorithms;serial_number;serial_number;signature_bits;skid;street_address;ttl;uri_sans;use_csr_values;use_pss;user_ids,auth;data;data.ca_chain;data.certificate;data.expiration;data.issuing_ca;data.key_info;data.key_info.3d:80:91:c3:c2:34:3b:81:69:3d:92:a3:80:69:db:53:04:26:ab:b4;data.key_info.3d:80:91:c3:c2:34:3b:81:69:3d:92:a3:80:69:db:53:04:26:ab:b4.requesting_cluster;data.keys;data.not_before;data.private_key;data.private_key_type;data.revocation_time;data.serial_number;lease_duration;lease_id;renewable;request_id;warnings;wrap_info,exact-pattern,pki-revoke,,,,,,required,required,,,,
POST /pki/revoke-with-key,secret,POST,/pki/revoke-with-key,unverified,typed,website/content/api-docs/secret/pki.mdx,after;alt_names;basic_constraints_valid_for_non_ca;certificate;certificate;common_name;common_name;country;csr;exclude_cn_from_sans;ext_key_usage;ext_key_usage_oids;format;ip_sans;issuer_ref;key_bits;key_type;key_usage;key_usage;limit;locality;max_path_length;name;name;not_after;not_before;not_before_duration;organization;other_sans;ou;permitted_dns_domains;postal_code;private_key;private_key_format;province;remove_roots_from_chain;require_matching_certificate_algorithms;serial_number;serial_number;signature_bits;skid;street_address;ttl;uri_sans;use_csr_values;use_pss;user_ids,auth;data;data.ca_chain;data.certificate;data.expiration;data.issuing_ca;data.key_info;data.key_info.3d:80:91:c3:c2:34:3b:81:69:3d:92:a3:80:69:db:53:04:26:ab:b4;data.key_info.3d:80:91:c3:c2:34:3b:81:69:3d:92:a3:80:69:db:53:04:26:ab:b4.requesting_cluster;data.keys;data.not_before;data.private_key;data.private_key_type;data.revocation_time;data.serial_number;lease_duration;lease_id;renewable;request_id;warnings;wrap_info,exact-pattern,pki-revoke-with-key,,,,,,required,required,,,,
LIST /pki/roles,secret,LIST,/pki/roles,unverified,typed,website/content/api-docs/secret/pki.mdx,after;alt_names;basic_constraints_valid_for_non_ca;certificate;certificate;common_name;common_name;country;csr;exclude_cn_from_sans;ext_key_usage;ext_key_usage_oids;format;ip_sans;issuer_ref;key_bits;key_type;key_usage;key_usage;limit;locality;max_path_length;name;name;not_after;not_before;not_before_duration;organization;other_sans;ou;permitted_dns_domains;postal_code;private_key;private_key_format;province;remove_roots_from_chain;require_matching_certificate_algorithms;serial_number;serial_number;signature_bits;skid;street_address;ttl;uri_sans;use_csr_values;use_pss;user_ids,auth;data;data.ca_chain;data.certificate;data.expiration;data.issuing_ca;data.key_info;data.key_info.3d:80:91:c3:c2:34:3b:81:69:3d:92:a3:80:69:db:53:04:26:ab:b4;data.key_info.3d:80:91:c3:c2:34:3b:81:69:3d:92:a3:80:69:db:53:04:26:ab:b4.requesting_cluster;data.keys;data.not_before;data.private_key;data.private_key_type;data.revocation_time;data.serial_number;lease_duration;lease_id;renewable;request_id;warnings;wrap_info,exact-pattern,pki-list-roles,,,,,,required,required,,,,
DELETE /pki/roles/:name,secret,DELETE,/pki/roles/:name,unverified,typed,website/content/api-docs/secret/pki.mdx,acme_account_safety_buffer;aia_path;allow_any_name;allow_bare_domains;allow_glob_domains;allow_ip_sans;allow_localhost;allow_subdomains;allow_wildcard_certificates;allowed_domains;allowed_domains_template;allowed_ip_sans_cidr;allowed_other_sans;allowed_serial_numbers;allowed_uri_sans;allowed_uri_sans_template;allowed_user_ids;auto_rebuild;auto_rebuild_grace_period;basic_constraints_valid_for_non_ca;cel_program;client_flag;cn_validations;code_signing_flag;country;critical;crl_distribution_points;crl_number;crls;default;default_follows_latest_issuer;delta_crl_base_number;delta_crl_distribution_points;delta_rebuild_interval;disable;email_protection_flag;enable_delta;enable_templating;enabled;enforce_hostnames;expiry;ext_key_usage;ext_key_usage_oids;extensions;format;generate_lease;id;interval_duration;issuer_ref;issuer_safety_buffer;issuing_certificates;key_bits;key_type;key_usage;locality;maintain_stored_certificate_counts;max_ttl;name;next_update;no_store;not_after;not_after_bound;not_before;not_before_bound;not_before_duration;ocsp_disable;ocsp_expiry;ocsp_servers;organization;ou;page_size;path;pause_duration;policy_identifiers;postal_code;province;publish_stored_certificate_count_metrics;require_cn;revocation_queue_safety_buffer;revocation_time;revoked_certs;revoked_safety_buffer;safety_buffer;serial_number;server_flag;signature_bits;street_address;tidy_acme;tidy_cert_store;tidy_expired_issuers;tidy_invalid_certs;tidy_move_legacy_ca_bundle;tidy_revoked_cert_issuer_associations;tidy_revoked_certs;ttl;use_csr_common_name;use_csr_sans;use_pss;value,auth;data;data.aia_path;data.auto_rebuild;data.auto_rebuild_grace_period;data.crl;data.crl_distribution_points;data.cross_cluster_revocation;data.default;data.default_follows_latest_issuer;data.delta_crl_distribution_points;data.delta_rebuild_interval;data.disable;data.enable_delta;data.enabled;data.expiry;data.interval_duration;data.issuer_safety_buffer;data.issuing_certificates;data.maintain_stored_certificate_counts;data.ocsp_disable;data.ocsp_expiry;data.ocsp_servers;data.page_size;data.path;data.pause_duration;data.publish_stored_certificate_count_metrics;data.revocation_queue_safety_buffer;data.safety_buffer;data.success;data.tidy_cert_store;data.tidy_cross_cluster_revoked_certs;data.tidy_expired_issuers;data.tidy_invalid_certs;data.tidy_move_legacy_ca_bundle;data.tidy_revocation_queue;data.tidy_revoked_cert_issuer_associations;data.tidy_revoked_certs;data.unified_crl;data.unified_crl_on_existing_paths;lease_duration;lease_id;renewable,exact-pattern,pki-delete-role,,,,,,required,required,,,,
GET /pki/roles/:name,secret,GET,/pki/roles/:name,unverified,typed,website/content/api-docs/secret/pki.mdx,after;alt_names;basic_constraints_valid_for_non_ca;certificate;certificate;common_name;common_name;country;csr;exclude_cn_from_sans;ext_key_usage;ext_key_usage_oids;format;ip_sans;issuer_ref;key_bits;key_type;key_usage;key_usage;limit;locality;max_path_length;name;name;not_after;not_before;not_before_duration;organization;other_sans;ou;permitted_dns_domains;postal_code;private_key;private_key_format;province;remove_roots_from_chain;require_matching_certificate_algorithms;serial_number;serial_number;signature_bits;skid;street_address;ttl;uri_sans;use_csr_values;use_pss;user_ids,auth;data;data.ca_chain;data.certificate;data.expiration;data.issuing_ca;data.key_info;data.key_info.3d:80:91:c3:c2:34:3b:81:69:3d:92:a3:80:69:db:53:04:26:ab:b4;data.key_info.3d:80:91:c3:c2:34:3b:81:69:3d:92:a3:80:69:db:53:04:26:ab:b4.requesting_cluster;data.keys;data.not_before;data.private_key;data.private_key_type;data.revocation_time;data.serial_number;lease_duration;lease_id;renewable;request_id;warnings;wrap_info,exact-pattern,pki-read-role,,,,,,required,required,,,,
PATCH /pki/roles/:name,secret,PATCH,/pki/roles/:name,unverified,typed,website/content/api-docs/secret/pki.mdx,acme_account_safety_buffer;aia_path;allow_any_name;allow_bare_domains;allow_glob_domains;allow_ip_sans;allow_localhost;allow_subdomains;allow_wildcard_certificates;allowed_domains;allowed_domains_template;allowed_ip_sans_cidr;allowed_other_sans;allowed_serial_numbers;allowed_uri_sans;allowed_uri_sans_template;allowed_user_ids;auto_rebuild;auto_rebuild_grace_period;basic_constraints_valid_for_non_ca;cel_program;client_flag;cn_validations;code_signing_flag;country;critical;crl_distribution_points;crl_number;crls;default;default_follows_latest_issuer;delta_crl_base_number;delta_crl_distribution_points;delta_rebuild_interval;disable;email_protection_flag;enable_delta;enable_templating;enabled;enforce_hostnames;expiry;ext_key_usage;ext_key_usage_oids;extensions;format;generate_lease;id;interval_duration;issuer_ref;issuer_safety_buffer;issuing_certificates;key_bits;key_type;key_usage;locality;maintain_stored_certificate_counts;max_ttl;name;next_update;no_store;not_after;not_after_bound;not_before;not_before_bound;not_before_duration;ocsp_disable;ocsp_expiry;ocsp_servers;organization;ou;page_size;path;pause_duration;policy_identifiers;postal_code;province;publish_stored_certificate_count_metrics;require_cn;revocation_queue_safety_buffer;revocation_time;revoked_certs;revoked_safety_buffer;safety_buffer;serial_number;server_flag;signature_bits;street_address;tidy_acme;tidy_cert_store;tidy_expired_issuers;tidy_invalid_certs;tidy_move_legacy_ca_bundle;tidy_revoked_cert_issuer_associations;tidy_revoked_certs;ttl;use_csr_common_name;use_csr_sans;use_pss;value,auth;data;data.aia_path;data.auto_rebuild;data.auto_rebuild_grace_period;data.crl;data.crl_distribution_points;data.cross_cluster_revocation;data.default;data.default_follows_latest_issuer;data.delta_crl_distribution_points;data.delta_rebuild_interval;data.disable;data.enable_delta;data.enabled;data.expiry;data.interval_duration;data.issuer_safety_buffer;data.issuing_certificates;data.maintain_stored_certificate_counts;data.ocsp_disable;data.ocsp_expiry;data.ocsp_servers;data.page_size;data.path;data.pause_duration;data.publish_stored_certificate_count_metrics;data.revocation_queue_safety_buffer;data.safety_buffer;data.success;data.tidy_cert_store;data.tidy_cross_cluster_revoked_certs;data.tidy_expired_issuers;data.tidy_invalid_certs;data.tidy_move_legacy_ca_bundle;data.tidy_revocation_queue;data.tidy_revoked_cert_issuer_associations;data.tidy_revoked_certs;data.unified_crl;data.unified_crl_on_existing_paths;lease_duration;lease_id;renewable,absent,,,,,,,required,required,,,,
POST /pki/roles/:name,secret,POST,/pki/roles/:name,unverified,typed,website/content/api-docs/secret/pki.mdx,acme_account_safety_buffer;aia_path;allow_any_name;allow_bare_domains;allow_glob_domains;allow_ip_sans;allow_localhost;allow_subdomains;allow_wildcard_certificates;allowed_domains;allowed_domains_template;allowed_ip_sans_cidr;allowed_other_sans;allowed_serial_numbers;allowed_uri_sans;allowed_uri_sans_template;allowed_user_ids;auto_rebuild;auto_rebuild_grace_period;basic_constraints_valid_for_non_ca;cel_program;client_flag;cn_validations;code_signing_flag;country;critical;crl_distribution_points;crl_number;crls;default;default_follows_latest_issuer;delta_crl_base_number;delta_crl_distribution_points;delta_rebuild_interval;disable;email_protection_flag;enable_delta;enable_templating;enabled;enforce_hostnames;expiry;ext_key_usage;ext_key_usage_oids;extensions;format;generate_lease;id;interval_duration;issuer_ref;issuer_safety_buffer;issuing_certificates;key_bits;key_type;key_usage;locality;maintain_stored_certificate_counts;max_ttl;name;next_update;no_store;not_after;not_after_bound;not_before;not_before_bound;not_before_duration;ocsp_disable;ocsp_expiry;ocsp_servers;organization;ou;page_size;path;pause_duration;policy_identifiers;postal_code;province;publish_stored_certificate_count_metrics;require_cn;revocation_queue_safety_buffer;revocation_time;revoked_certs;revoked_safety_buffer;safety_buffer;serial_number;server_flag;signature_bits;street_address;tidy_acme;tidy_cert_store;tidy_expired_issuers;tidy_invalid_certs;tidy_move_legacy_ca_bundle;tidy_revoked_cert_issuer_associations;tidy_revoked_certs;ttl;use_csr_common_name;use_csr_sans;use_pss;value,auth;data;data.aia_path;data.auto_rebuild;data.auto_rebuild_grace_period;data.crl;data.crl_distribution_points;data.cross_cluster_revocation;data.default;data.default_follows_latest_issuer;data.delta_crl_distribution_points;data.delta_rebuild_interval;data.disable;data.enable_delta;data.enabled;data.expiry;data.interval_duration;data.issuer_safety_buffer;data.issuing_certificates;data.maintain_stored_certificate_counts;data.ocsp_disable;data.ocsp_expiry;data.ocsp_servers;data.page_size;data.path;data.pause_duration;data.publish_stored_certificate_count_metrics;data.revocation_queue_safety_buffer;data.safety_buffer;data.success;data.tidy_cert_store;data.tidy_cross_cluster_revoked_certs;data.tidy_expired_issuers;data.tidy_invalid_certs;data.tidy_move_legacy_ca_bundle;data.tidy_revocation_queue;data.tidy_revoked_cert_issuer_associations;data.tidy_revoked_certs;data.unified_crl;data.unified_crl_on_existing_paths;lease_duration;lease_id;renewable,exact-pattern,pki-write-role,,,,,,required,required,,,,
ACME /pki/roles/:role/acme/directory,secret,ACME,/pki/roles/:role/acme/directory,confirmed-gap,external,website/content/api-docs/secret/pki.mdx,after;allow_role_ext_key_usage;allowed_issuers;allowed_roles;default_directory_policy;dns_resolver;eab_policy;enabled;key_id;limit,,absent,,,,,,,required,required,,,,
POST /pki/roles/:role/acme/new-eab,secret,POST,/pki/roles/:role/acme/new-eab,unverified,typed,website/content/api-docs/secret/pki.mdx,after;allow_role_ext_key_usage;allowed_issuers;allowed_roles;default_directory_policy;dns_resolver;eab_policy;enabled;key_id;limit,,exact-pattern,pki-generate-eab-key-for-role,,,,,,required,required,,,,
DELETE /pki/root,secret,DELETE,/pki/root,unverified,typed-gated,website/content/api-docs/secret/pki.mdx,add_basic_constraints;after;alt_names;certificate;common_name;country;crl_distribution_points;delta_crl_distribution_points;enable_aia_url_templating;exclude_cn_from_sans;ext_key_usage;ext_key_usage_oids;format;ip_sans;issuer_name;issuer_ref;issuing_certificates;key_bits;key_name;key_ref;key_ref;key_type;key_usage;leaf_not_after_behavior;limit;locality;manual_chain;max_path_length;not_after;not_before;not_before_duration;ocsp_servers;organization;other_sans;ou;pem_bundle;permitted_dns_domains;postal_code;private_key_format;province;revocation_signature_algorithm;serial_number;signature_bits;street_address;ttl;type;uri_sans;usage,auth;data;data.certificate;data.existing_issuers;data.existing_keys;data.expiration;data.imported_issuers;data.imported_keys;data.issuer_id;data.issuer_name;data.issuing_ca;data.key_id;data.key_name;data.key_type;data.mapping;data.mapping.1ae8ce9d-2f70-0761-a465-8c9840a247a2;data.serial_number;lease_duration;lease_id;renewable;request_id;warnings,exact-pattern,pki-delete-root,,,,,,required,required,,,,
POST /pki/root/generate/:type,secret,POST,/pki/root/generate/:type,unverified,typed,website/content/api-docs/secret/pki.mdx,add_basic_constraints;after;alt_names;certificate;common_name;country;crl_distribution_points;delta_crl_distribution_points;enable_aia_url_templating;exclude_cn_from_sans;ext_key_usage;ext_key_usage_oids;format;ip_sans;issuer_name;issuer_ref;issuing_certificates;key_bits;key_name;key_ref;key_ref;key_type;key_usage;leaf_not_after_behavior;limit;locality;manual_chain;max_path_length;not_after;not_before;not_before_duration;ocsp_servers;organization;other_sans;ou;pem_bundle;permitted_dns_domains;postal_code;private_key_format;province;revocation_signature_algorithm;serial_number;signature_bits;street_address;ttl;type;uri_sans;usage,auth;data;data.certificate;data.existing_issuers;data.existing_keys;data.expiration;data.imported_issuers;data.imported_keys;data.issuer_id;data.issuer_name;data.issuing_ca;data.key_id;data.key_name;data.key_type;data.mapping;data.mapping.1ae8ce9d-2f70-0761-a465-8c9840a247a2;data.serial_number;lease_duration;lease_id;renewable;request_id;warnings,exact-pattern,pki-generate-root,,,,,,required,required,,,,
POST /pki/root/replace,secret,POST,/pki/root/replace,unverified,typed,website/content/api-docs/secret/pki.mdx,acme_account_safety_buffer;aia_path;allow_any_name;allow_bare_domains;allow_glob_domains;allow_ip_sans;allow_localhost;allow_subdomains;allow_wildcard_certificates;allowed_domains;allowed_domains_template;allowed_ip_sans_cidr;allowed_other_sans;allowed_serial_numbers;allowed_uri_sans;allowed_uri_sans_template;allowed_user_ids;auto_rebuild;auto_rebuild_grace_period;basic_constraints_valid_for_non_ca;cel_program;client_flag;cn_validations;code_signing_flag;country;critical;crl_distribution_points;crl_number;crls;default;default_follows_latest_issuer;delta_crl_base_number;delta_crl_distribution_points;delta_rebuild_interval;disable;email_protection_flag;enable_delta;enable_templating;enabled;enforce_hostnames;expiry;ext_key_usage;ext_key_usage_oids;extensions;format;generate_lease;id;interval_duration;issuer_ref;issuer_safety_buffer;issuing_certificates;key_bits;key_type;key_usage;locality;maintain_stored_certificate_counts;max_ttl;name;next_update;no_store;not_after;not_after_bound;not_before;not_before_bound;not_before_duration;ocsp_disable;ocsp_expiry;ocsp_servers;organization;ou;page_size;path;pause_duration;policy_identifiers;postal_code;province;publish_stored_certificate_count_metrics;require_cn;revocation_queue_safety_buffer;revocation_time;revoked_certs;revoked_safety_buffer;safety_buffer;serial_number;server_flag;signature_bits;street_address;tidy_acme;tidy_cert_store;tidy_expired_issuers;tidy_invalid_certs;tidy_move_legacy_ca_bundle;tidy_revoked_cert_issuer_associations;tidy_revoked_certs;ttl;use_csr_common_name;use_csr_sans;use_pss;value,auth;data;data.aia_path;data.auto_rebuild;data.auto_rebuild_grace_period;data.crl;data.crl_distribution_points;data.cross_cluster_revocation;data.default;data.default_follows_latest_issuer;data.delta_crl_distribution_points;data.delta_rebuild_interval;data.disable;data.enable_delta;data.enabled;data.expiry;data.interval_duration;data.issuer_safety_buffer;data.issuing_certificates;data.maintain_stored_certificate_counts;data.ocsp_disable;data.ocsp_expiry;data.ocsp_servers;data.page_size;data.path;data.pause_duration;data.publish_stored_certificate_count_metrics;data.revocation_queue_safety_buffer;data.safety_buffer;data.success;data.tidy_cert_store;data.tidy_cross_cluster_revoked_certs;data.tidy_expired_issuers;data.tidy_invalid_certs;data.tidy_move_legacy_ca_bundle;data.tidy_revocation_queue;data.tidy_revoked_cert_issuer_associations;data.tidy_revoked_certs;data.unified_crl;data.unified_crl_on_existing_paths;lease_duration;lease_id;renewable,exact-pattern,pki-replace-root,,,,,,required,required,,,,
POST /pki/root/rotate/:type,secret,POST,/pki/root/rotate/:type,unverified,typed,website/content/api-docs/secret/pki.mdx,add_basic_constraints;after;alt_names;certificate;common_name;country;crl_distribution_points;delta_crl_distribution_points;enable_aia_url_templating;exclude_cn_from_sans;ext_key_usage;ext_key_usage_oids;format;ip_sans;issuer_name;issuer_ref;issuing_certificates;key_bits;key_name;key_ref;key_ref;key_type;key_usage;leaf_not_after_behavior;limit;locality;manual_chain;max_path_length;not_after;not_before;not_before_duration;ocsp_servers;organization;other_sans;ou;pem_bundle;permitted_dns_domains;postal_code;private_key_format;province;revocation_signature_algorithm;serial_number;signature_bits;street_address;ttl;type;uri_sans;usage,auth;data;data.certificate;data.existing_issuers;data.existing_keys;data.expiration;data.imported_issuers;data.imported_keys;data.issuer_id;data.issuer_name;data.issuing_ca;data.key_id;data.key_name;data.key_type;data.mapping;data.mapping.1ae8ce9d-2f70-0761-a465-8c9840a247a2;data.serial_number;lease_duration;lease_id;renewable;request_id;warnings,exact-pattern,pki-rotate-root,,,,,,required,required,,,,
POST /pki/root/sign-intermediate,secret,POST,/pki/root/sign-intermediate,unverified,typed,website/content/api-docs/secret/pki.mdx,after;alt_names;basic_constraints_valid_for_non_ca;certificate;certificate;common_name;common_name;country;csr;exclude_cn_from_sans;ext_key_usage;ext_key_usage_oids;format;ip_sans;issuer_ref;key_bits;key_type;key_usage;key_usage;limit;locality;max_path_length;name;name;not_after;not_before;not_before_duration;organization;other_sans;ou;permitted_dns_domains;postal_code;private_key;private_key_format;province;remove_roots_from_chain;require_matching_certificate_algorithms;serial_number;serial_number;signature_bits;skid;street_address;ttl;uri_sans;use_csr_values;use_pss;user_ids,auth;data;data.ca_chain;data.certificate;data.expiration;data.issuing_ca;data.key_info;data.key_info.3d:80:91:c3:c2:34:3b:81:69:3d:92:a3:80:69:db:53:04:26:ab:b4;data.key_info.3d:80:91:c3:c2:34:3b:81:69:3d:92:a3:80:69:db:53:04:26:ab:b4.requesting_cluster;data.keys;data.not_before;data.private_key;data.private_key_type;data.revocation_time;data.serial_number;lease_duration;lease_id;renewable;request_id;warnings;wrap_info,exact-pattern,pki-root-sign-intermediate,,,,,,required,required,,,,
POST /pki/root/sign-self-issued,secret,POST,/pki/root/sign-self-issued,unverified,typed-gated,website/content/api-docs/secret/pki.mdx,after;alt_names;basic_constraints_valid_for_non_ca;certificate;certificate;common_name;common_name;country;csr;exclude_cn_from_sans;ext_key_usage;ext_key_usage_oids;format;ip_sans;issuer_ref;key_bits;key_type;key_usage;key_usage;limit;locality;max_path_length;name;name;not_after;not_before;not_before_duration;organization;other_sans;ou;permitted_dns_domains;postal_code;private_key;private_key_format;province;remove_roots_from_chain;require_matching_certificate_algorithms;serial_number;serial_number;signature_bits;skid;street_address;ttl;uri_sans;use_csr_values;use_pss;user_ids,auth;data;data.ca_chain;data.certificate;data.expiration;data.issuing_ca;data.key_info;data.key_info.3d:80:91:c3:c2:34:3b:81:69:3d:92:a3:80:69:db:53:04:26:ab:b4;data.key_info.3d:80:91:c3:c2:34:3b:81:69:3d:92:a3:80:69:db:53:04:26:ab:b4.requesting_cluster;data.keys;data.not_before;data.private_key;data.private_key_type;data.revocation_time;data.serial_number;lease_duration;lease_id;renewable;request_id;warnings;wrap_info,exact-pattern,pki-root-sign-self-issued,,,,,,required,required,,,,
POST /pki/sign-verbatim(/:name),secret,POST,/pki/sign-verbatim(/:name),unverified,typed-gated,website/content/api-docs/secret/pki.mdx,after;alt_names;basic_constraints_valid_for_non_ca;certificate;certificate;common_name;common_name;country;csr;exclude_cn_from_sans;ext_key_usage;ext_key_usage_oids;format;ip_sans;issuer_ref;key_bits;key_type;key_usage;key_usage;limit;locality;max_path_length;name;name;not_after;not_before;not_before_duration;organization;other_sans;ou;permitted_dns_domains;postal_code;private_key;private_key_format;province;remove_roots_from_chain;require_matching_certificate_algorithms;serial_number;serial_number;signature_bits;skid;street_address;ttl;uri_sans;use_csr_values;use_pss;user_ids,auth;data;data.ca_chain;data.certificate;data.expiration;data.issuing_ca;data.key_info;data.key_info.3d:80:91:c3:c2:34:3b:81:69:3d:92:a3:80:69:db:53:04:26:ab:b4;data.key_info.3d:80:91:c3:c2:34:3b:81:69:3d:92:a3:80:69:db:53:04:26:ab:b4.requesting_cluster;data.keys;data.not_before;data.private_key;data.private_key_type;data.revocation_time;data.serial_number;lease_duration;lease_id;renewable;request_id;warnings;wrap_info,exact-pattern,pki-sign-verbatim-with-role,,,,,,required,required,,,,
POST /pki/sign/:name,secret,POST,/pki/sign/:name,unverified,typed,website/content/api-docs/secret/pki.mdx,after;alt_names;basic_constraints_valid_for_non_ca;certificate;certificate;common_name;common_name;country;csr;exclude_cn_from_sans;ext_key_usage;ext_key_usage_oids;format;ip_sans;issuer_ref;key_bits;key_type;key_usage;key_usage;limit;locality;max_path_length;name;name;not_after;not_before;not_before_duration;organization;other_sans;ou;permitted_dns_domains;postal_code;private_key;private_key_format;province;remove_roots_from_chain;require_matching_certificate_algorithms;serial_number;serial_number;signature_bits;skid;street_address;ttl;uri_sans;use_csr_values;use_pss;user_ids,auth;data;data.ca_chain;data.certificate;data.expiration;data.issuing_ca;data.key_info;data.key_info.3d:80:91:c3:c2:34:3b:81:69:3d:92:a3:80:69:db:53:04:26:ab:b4;data.key_info.3d:80:91:c3:c2:34:3b:81:69:3d:92:a3:80:69:db:53:04:26:ab:b4.requesting_cluster;data.keys;data.not_before;data.private_key;data.private_key_type;data.revocation_time;data.serial_number;lease_duration;lease_id;renewable;request_id;warnings;wrap_info,exact-pattern,pki-sign-with-role,,,,,,required,required,,,,
POST /pki/tidy,secret,POST,/pki/tidy,unverified,typed,website/content/api-docs/secret/pki.mdx,acme_account_safety_buffer;aia_path;allow_any_name;allow_bare_domains;allow_glob_domains;allow_ip_sans;allow_localhost;allow_subdomains;allow_wildcard_certificates;allowed_domains;allowed_domains_template;allowed_ip_sans_cidr;allowed_other_sans;allowed_serial_numbers;allowed_uri_sans;allowed_uri_sans_template;allowed_user_ids;auto_rebuild;auto_rebuild_grace_period;basic_constraints_valid_for_non_ca;cel_program;client_flag;cn_validations;code_signing_flag;country;critical;crl_distribution_points;crl_number;crls;default;default_follows_latest_issuer;delta_crl_base_number;delta_crl_distribution_points;delta_rebuild_interval;disable;email_protection_flag;enable_delta;enable_templating;enabled;enforce_hostnames;expiry;ext_key_usage;ext_key_usage_oids;extensions;format;generate_lease;id;interval_duration;issuer_ref;issuer_safety_buffer;issuing_certificates;key_bits;key_type;key_usage;locality;maintain_stored_certificate_counts;max_ttl;name;next_update;no_store;not_after;not_after_bound;not_before;not_before_bound;not_before_duration;ocsp_disable;ocsp_expiry;ocsp_servers;organization;ou;page_size;path;pause_duration;policy_identifiers;postal_code;province;publish_stored_certificate_count_metrics;require_cn;revocation_queue_safety_buffer;revocation_time;revoked_certs;revoked_safety_buffer;safety_buffer;serial_number;server_flag;signature_bits;street_address;tidy_acme;tidy_cert_store;tidy_expired_issuers;tidy_invalid_certs;tidy_move_legacy_ca_bundle;tidy_revoked_cert_issuer_associations;tidy_revoked_certs;ttl;use_csr_common_name;use_csr_sans;use_pss;value,auth;data;data.aia_path;data.auto_rebuild;data.auto_rebuild_grace_period;data.crl;data.crl_distribution_points;data.cross_cluster_revocation;data.default;data.default_follows_latest_issuer;data.delta_crl_distribution_points;data.delta_rebuild_interval;data.disable;data.enable_delta;data.enabled;data.expiry;data.interval_duration;data.issuer_safety_buffer;data.issuing_certificates;data.maintain_stored_certificate_counts;data.ocsp_disable;data.ocsp_expiry;data.ocsp_servers;data.page_size;data.path;data.pause_duration;data.publish_stored_certificate_count_metrics;data.revocation_queue_safety_buffer;data.safety_buffer;data.success;data.tidy_cert_store;data.tidy_cross_cluster_revoked_certs;data.tidy_expired_issuers;data.tidy_invalid_certs;data.tidy_move_legacy_ca_bundle;data.tidy_revocation_queue;data.tidy_revoked_cert_issuer_associations;data.tidy_revoked_certs;data.unified_crl;data.unified_crl_on_existing_paths;lease_duration;lease_id;renewable,exact-pattern,pki-tidy,,,,,,required,required,,,,
POST /pki/tidy-cancel,secret,POST,/pki/tidy-cancel,unverified,typed,website/content/api-docs/secret/pki.mdx,acme_account_safety_buffer;aia_path;allow_any_name;allow_bare_domains;allow_glob_domains;allow_ip_sans;allow_localhost;allow_subdomains;allow_wildcard_certificates;allowed_domains;allowed_domains_template;allowed_ip_sans_cidr;allowed_other_sans;allowed_serial_numbers;allowed_uri_sans;allowed_uri_sans_template;allowed_user_ids;auto_rebuild;auto_rebuild_grace_period;basic_constraints_valid_for_non_ca;cel_program;client_flag;cn_validations;code_signing_flag;country;critical;crl_distribution_points;crl_number;crls;default;default_follows_latest_issuer;delta_crl_base_number;delta_crl_distribution_points;delta_rebuild_interval;disable;email_protection_flag;enable_delta;enable_templating;enabled;enforce_hostnames;expiry;ext_key_usage;ext_key_usage_oids;extensions;format;generate_lease;id;interval_duration;issuer_ref;issuer_safety_buffer;issuing_certificates;key_bits;key_type;key_usage;locality;maintain_stored_certificate_counts;max_ttl;name;next_update;no_store;not_after;not_after_bound;not_before;not_before_bound;not_before_duration;ocsp_disable;ocsp_expiry;ocsp_servers;organization;ou;page_size;path;pause_duration;policy_identifiers;postal_code;province;publish_stored_certificate_count_metrics;require_cn;revocation_queue_safety_buffer;revocation_time;revoked_certs;revoked_safety_buffer;safety_buffer;serial_number;server_flag;signature_bits;street_address;tidy_acme;tidy_cert_store;tidy_expired_issuers;tidy_invalid_certs;tidy_move_legacy_ca_bundle;tidy_revoked_cert_issuer_associations;tidy_revoked_certs;ttl;use_csr_common_name;use_csr_sans;use_pss;value,auth;data;data.aia_path;data.auto_rebuild;data.auto_rebuild_grace_period;data.crl;data.crl_distribution_points;data.cross_cluster_revocation;data.default;data.default_follows_latest_issuer;data.delta_crl_distribution_points;data.delta_rebuild_interval;data.disable;data.enable_delta;data.enabled;data.expiry;data.interval_duration;data.issuer_safety_buffer;data.issuing_certificates;data.maintain_stored_certificate_counts;data.ocsp_disable;data.ocsp_expiry;data.ocsp_servers;data.page_size;data.path;data.pause_duration;data.publish_stored_certificate_count_metrics;data.revocation_queue_safety_buffer;data.safety_buffer;data.success;data.tidy_cert_store;data.tidy_cross_cluster_revoked_certs;data.tidy_expired_issuers;data.tidy_invalid_certs;data.tidy_move_legacy_ca_bundle;data.tidy_revocation_queue;data.tidy_revoked_cert_issuer_associations;data.tidy_revoked_certs;data.unified_crl;data.unified_crl_on_existing_paths;lease_duration;lease_id;renewable,exact-pattern,pki-tidy-cancel,,,,,,required,required,,,,
GET /pki/tidy-status,secret,GET,/pki/tidy-status,unverified,typed,website/content/api-docs/secret/pki.mdx,acme_account_safety_buffer;aia_path;allow_any_name;allow_bare_domains;allow_glob_domains;allow_ip_sans;allow_localhost;allow_subdomains;allow_wildcard_certificates;allowed_domains;allowed_domains_template;allowed_ip_sans_cidr;allowed_other_sans;allowed_serial_numbers;allowed_uri_sans;allowed_uri_sans_template;allowed_user_ids;auto_rebuild;auto_rebuild_grace_period;basic_constraints_valid_for_non_ca;cel_program;client_flag;cn_validations;code_signing_flag;country;critical;crl_distribution_points;crl_number;crls;default;default_follows_latest_issuer;delta_crl_base_number;delta_crl_distribution_points;delta_rebuild_interval;disable;email_protection_flag;enable_delta;enable_templating;enabled;enforce_hostnames;expiry;ext_key_usage;ext_key_usage_oids;extensions;format;generate_lease;id;interval_duration;issuer_ref;issuer_safety_buffer;issuing_certificates;key_bits;key_type;key_usage;locality;maintain_stored_certificate_counts;max_ttl;name;next_update;no_store;not_after;not_after_bound;not_before;not_before_bound;not_before_duration;ocsp_disable;ocsp_expiry;ocsp_servers;organization;ou;page_size;path;pause_duration;policy_identifiers;postal_code;province;publish_stored_certificate_count_metrics;require_cn;revocation_queue_safety_buffer;revocation_time;revoked_certs;revoked_safety_buffer;safety_buffer;serial_number;server_flag;signature_bits;street_address;tidy_acme;tidy_cert_store;tidy_expired_issuers;tidy_invalid_certs;tidy_move_legacy_ca_bundle;tidy_revoked_cert_issuer_associations;tidy_revoked_certs;ttl;use_csr_common_name;use_csr_sans;use_pss;value,auth;data;data.aia_path;data.auto_rebuild;data.auto_rebuild_grace_period;data.crl;data.crl_distribution_points;data.cross_cluster_revocation;data.default;data.default_follows_latest_issuer;data.delta_crl_distribution_points;data.delta_rebuild_interval;data.disable;data.enable_delta;data.enabled;data.expiry;data.interval_duration;data.issuer_safety_buffer;data.issuing_certificates;data.maintain_stored_certificate_counts;data.ocsp_disable;data.ocsp_expiry;data.ocsp_servers;data.page_size;data.path;data.pause_duration;data.publish_stored_certificate_count_metrics;data.revocation_queue_safety_buffer;data.safety_buffer;data.success;data.tidy_cert_store;data.tidy_cross_cluster_revoked_certs;data.tidy_expired_issuers;data.tidy_invalid_certs;data.tidy_move_legacy_ca_bundle;data.tidy_revocation_queue;data.tidy_revoked_cert_issuer_associations;data.tidy_revoked_certs;data.unified_crl;data.unified_crl_on_existing_paths;lease_duration;lease_id;renewable,exact-pattern,pki-tidy-status,,,,,,required,required,,,,
POST /rabbitmq/config/connection,secret,POST,/rabbitmq/config/connection,unverified,typed,website/content/api-docs/secret/rabbitmq.mdx,connection_uri;password;password_policy;username;username_template;verify_connection,,exact-pattern,rabbit-mq-configure-connection,,,,,,required,required,,,,
POST /rabbitmq/config/lease,secret,POST,/rabbitmq/config/lease,unverified,typed,website/content/api-docs/secret/rabbitmq.mdx,max_ttl;ttl,,exact-pattern,rabbit-mq-configure-lease,,,,,,required,required,,,,
GET /rabbitmq/creds/:name,secret,GET,/rabbitmq/creds/:name,unverified,typed,website/content/api-docs/secret/rabbitmq.mdx,name,data;data.password;data.username,exact-pattern,rabbit-mq-request-credentials,,,,,,required,required,,,,
LIST /rabbitmq/roles,secret,LIST,/rabbitmq/roles,unverified,typed,website/content/api-docs/secret/rabbitmq.mdx,after;limit,,exact-pattern,rabbit-mq-list-roles,,,,,,required,required,,,,
DELETE /rabbitmq/roles/:name,secret,DELETE,/rabbitmq/roles/:name,unverified,typed,website/content/api-docs/secret/rabbitmq.mdx,name,,exact-pattern,rabbit-mq-delete-role,,,,,,required,required,,,,
GET /rabbitmq/roles/:name,secret,GET,/rabbitmq/roles/:name,unverified,typed,website/content/api-docs/secret/rabbitmq.mdx,name,data;data.tags;data.vhost_topics;data.vhosts,exact-pattern,rabbit-mq-read-role,,,,,,required,required,,,,
POST /rabbitmq/roles/:name,secret,POST,/rabbitmq/roles/:name,unverified,typed,website/content/api-docs/secret/rabbitmq.mdx,name;tags;vhost_topics;vhosts,,exact-pattern,rabbit-mq-write-role,,,,,,required,required,,,,
DELETE /secret/:path,secret,DELETE,/secret/:path,unverified,typed,website/content/api-docs/secret/kv/kv-v1.mdx,path,,exact-pattern,kv-delete-path,,,,,,required,required,,,,
GET /secret/:path,secret,GET,/secret/:path,unverified,typed,website/content/api-docs/secret/kv/kv-v1.mdx,path,auth;data;data.foo;data.ttl;lease_duration;lease_id;renewable,exact-pattern,kv-read-path,,,,,,required,required,,,,
LIST /secret/:path,secret,LIST,/secret/:path,unverified,typed,website/content/api-docs/secret/kv/kv-v1.mdx,path,auth;data;data.keys;lease_duration;lease_id;renewable,exact-pattern,kv-read-path,,,,,,required,required,,,,
POST /secret/:path,secret,POST,/secret/:path,unverified,typed,website/content/api-docs/secret/kv/kv-v1.mdx,:key;path,,exact-pattern,kv-write-path,,,,,,required,required,,,,
SCAN /secret/:path,secret,SCAN,/secret/:path,confirmed-gap,typed,website/content/api-docs/secret/kv/kv-v1.mdx,path,auth;data;data.keys;lease_duration;lease_id;renewable,absent,,,,,,,required,required,,,,
DELETE /ssh/config/ca,secret,DELETE,/ssh/config/ca,unverified,typed,website/content/api-docs/secret/ssh.mdx,after;generate_signing_key;issuer_name;issuer_ref;key_bits;key_type;limit;private_key;public_key;set_default,data;data.issuer_id;data.issuer_name;data.public_key;lease_duration;lease_id;renewable;warnings,exact-pattern,ssh-purge-ca,,,,,,required,required,,,,
GET /ssh/config/ca,secret,GET,/ssh/config/ca,unverified,typed,website/content/api-docs/secret/ssh.mdx,after;generate_signing_key;issuer_name;issuer_ref;key_bits;key_type;limit;private_key;public_key;set_default,data;data.issuer_id;data.issuer_name;data.public_key;lease_duration;lease_id;renewable;warnings,exact-pattern,ssh-read-default-ca,,,,,,required,required,,,,
POST /ssh/config/ca,secret,POST,/ssh/config/ca,unverified,typed,website/content/api-docs/secret/ssh.mdx,after;generate_signing_key;issuer_name;issuer_ref;key_bits;key_type;limit;private_key;public_key;set_default,data;data.issuer_id;data.issuer_name;data.public_key;lease_duration;lease_id;renewable;warnings,exact-pattern,ssh-configure-default-ca,,,,,,required,required,,,,
GET /ssh/config/issuers,secret,GET,/ssh/config/issuers,unverified,typed,website/content/api-docs/secret/ssh.mdx,after;algorithm_signer;allow_bare_domains;allow_empty_principals;allow_host_certificates;allow_subdomains;allow_user_certificates;allow_user_key_ids;allowed_critical_options;allowed_domains;allowed_domains_template;allowed_extensions;allowed_user_key_lengths;allowed_users;allowed_users_template;cidr_list;default;default_critical_options;default_extensions;default_extensions_template;default_user;default_user_template;exclude_cidr_list;ip;issuer_ref;key_id_format;key_type;limit;max_ttl;name;not_before_duration;port;roles;ttl;username,allow_bare_domains;allow_host_certificates;allow_subdomains;allow_user_certificates;allow_user_key_ids;allowed_critical_options;allowed_extensions;auth;cidr_list;data;data.ip;data.key;data.key_info;data.key_info.dev;data.key_info.dev.issuer_ref;data.key_info.dev.key_type;data.key_type;data.keys;data.message;data.port;data.roles;data.username;default_critical_options;default_extensions;default_user;issuer_ref;key_type;lease_duration;lease_id;max_ttl;port;renewable;request_id;ttl;warnings;wrap_info,exact-pattern,ssh-read-read,,,,,,required,required,,,,
POST /ssh/config/issuers,secret,POST,/ssh/config/issuers,unverified,typed,website/content/api-docs/secret/ssh.mdx,after;algorithm_signer;allow_bare_domains;allow_empty_principals;allow_host_certificates;allow_subdomains;allow_user_certificates;allow_user_key_ids;allowed_critical_options;allowed_domains;allowed_domains_template;allowed_extensions;allowed_user_key_lengths;allowed_users;allowed_users_template;cidr_list;default;default_critical_options;default_extensions;default_extensions_template;default_user;default_user_template;exclude_cidr_list;ip;issuer_ref;key_id_format;key_type;limit;max_ttl;name;not_before_duration;port;roles;ttl;username,allow_bare_domains;allow_host_certificates;allow_subdomains;allow_user_certificates;allow_user_key_ids;allowed_critical_options;allowed_extensions;auth;cidr_list;data;data.ip;data.key;data.key_info;data.key_info.dev;data.key_info.dev.issuer_ref;data.key_info.dev.key_type;data.key_type;data.keys;data.message;data.port;data.roles;data.username;default_critical_options;default_extensions;default_user;issuer_ref;key_type;lease_duration;lease_id;max_ttl;port;renewable;request_id;ttl;warnings;wrap_info,exact-pattern,ssh-write-issuer-config,,,,,,required,required,,,,
DELETE /ssh/config/zeroaddress,secret,DELETE,/ssh/config/zeroaddress,unverified,typed,website/content/api-docs/secret/ssh.mdx,after;algorithm_signer;allow_bare_domains;allow_empty_principals;allow_host_certificates;allow_subdomains;allow_user_certificates;allow_user_key_ids;allowed_critical_options;allowed_domains;allowed_domains_template;allowed_extensions;allowed_user_key_lengths;allowed_users;allowed_users_template;cidr_list;default;default_critical_options;default_extensions;default_extensions_template;default_user;default_user_template;exclude_cidr_list;ip;issuer_ref;key_id_format;key_type;limit;max_ttl;name;not_before_duration;port;roles;ttl;username,allow_bare_domains;allow_host_certificates;allow_subdomains;allow_user_certificates;allow_user_key_ids;allowed_critical_options;allowed_extensions;auth;cidr_list;data;data.ip;data.key;data.key_info;data.key_info.dev;data.key_info.dev.issuer_ref;data.key_info.dev.key_type;data.key_type;data.keys;data.message;data.port;data.roles;data.username;default_critical_options;default_extensions;default_user;issuer_ref;key_type;lease_duration;lease_id;max_ttl;port;renewable;request_id;ttl;warnings;wrap_info,exact-pattern,ssh-delete-zero-address-configuration,,,,,,required,required,,,,
GET /ssh/config/zeroaddress,secret,GET,/ssh/config/zeroaddress,unverified,typed,website/content/api-docs/secret/ssh.mdx,after;algorithm_signer;allow_bare_domains;allow_empty_principals;allow_host_certificates;allow_subdomains;allow_user_certificates;allow_user_key_ids;allowed_critical_options;allowed_domains;allowed_domains_template;allowed_extensions;allowed_user_key_lengths;allowed_users;allowed_users_template;cidr_list;default;default_critical_options;default_extensions;default_extensions_template;default_user;default_user_template;exclude_cidr_list;ip;issuer_ref;key_id_format;key_type;limit;max_ttl;name;not_before_duration;port;roles;ttl;username,allow_bare_domains;allow_host_certificates;allow_subdomains;allow_user_certificates;allow_user_key_ids;allowed_critical_options;allowed_extensions;auth;cidr_list;data;data.ip;data.key;data.key_info;data.key_info.dev;data.key_info.dev.issuer_ref;data.key_info.dev.key_type;data.key_type;data.keys;data.message;data.port;data.roles;data.username;default_critical_options;default_extensions;default_user;issuer_ref;key_type;lease_duration;lease_id;max_ttl;port;renewable;request_id;ttl;warnings;wrap_info,exact-pattern,ssh-read-zero-address-configuration,,,,,,required,required,,,,
POST /ssh/config/zeroaddress,secret,POST,/ssh/config/zeroaddress,unverified,typed,website/content/api-docs/secret/ssh.mdx,after;algorithm_signer;allow_bare_domains;allow_empty_principals;allow_host_certificates;allow_subdomains;allow_user_certificates;allow_user_key_ids;allowed_critical_options;allowed_domains;allowed_domains_template;allowed_extensions;allowed_user_key_lengths;allowed_users;allowed_users_template;cidr_list;default;default_critical_options;default_extensions;default_extensions_template;default_user;default_user_template;exclude_cidr_list;ip;issuer_ref;key_id_format;key_type;limit;max_ttl;name;not_before_duration;port;roles;ttl;username,allow_bare_domains;allow_host_certificates;allow_subdomains;allow_user_certificates;allow_user_key_ids;allowed_critical_options;allowed_extensions;auth;cidr_list;data;data.ip;data.key;data.key_info;data.key_info.dev;data.key_info.dev.issuer_ref;data.key_info.dev.key_type;data.key_type;data.keys;data.message;data.port;data.roles;data.username;default_critical_options;default_extensions;default_user;issuer_ref;key_type;lease_duration;lease_id;max_ttl;port;renewable;request_id;ttl;warnings;wrap_info,exact-pattern,ssh-configure-zero-address,,,,,,required,required,,,,
POST /ssh/creds/:name,secret,POST,/ssh/creds/:name,unverified,typed,website/content/api-docs/secret/ssh.mdx,after;algorithm_signer;allow_bare_domains;allow_empty_principals;allow_host_certificates;allow_subdomains;allow_user_certificates;allow_user_key_ids;allowed_critical_options;allowed_domains;allowed_domains_template;allowed_extensions;allowed_user_key_lengths;allowed_users;allowed_users_template;cidr_list;default;default_critical_options;default_extensions;default_extensions_template;default_user;default_user_template;exclude_cidr_list;ip;issuer_ref;key_id_format;key_type;limit;max_ttl;name;not_before_duration;port;roles;ttl;username,allow_bare_domains;allow_host_certificates;allow_subdomains;allow_user_certificates;allow_user_key_ids;allowed_critical_options;allowed_extensions;auth;cidr_list;data;data.ip;data.key;data.key_info;data.key_info.dev;data.key_info.dev.issuer_ref;data.key_info.dev.key_type;data.key_type;data.keys;data.message;data.port;data.roles;data.username;default_critical_options;default_extensions;default_user;issuer_ref;key_type;lease_duration;lease_id;max_ttl;port;renewable;request_id;ttl;warnings;wrap_info,exact-pattern,ssh-generate-credentials,,,,,,required,required,,,,
POST /ssh/issue/:name,secret,POST,/ssh/issue/:name,unverified,typed,website/content/api-docs/secret/ssh.mdx,cert_type;critical_options;extensions;key_bits;key_id;key_type;name;public_key;ttl;valid_principals,auth;data;data.issuer_id;data.private_key;data.private_key_type;data.serial_number;data.signed_key;lease_duration;lease_id;renewable;request_id;warnings;wrap_info,exact-pattern,ssh-issue-certificate,,,,,,required,required,,,,
DELETE /ssh/issuer/:issuer_ref,secret,DELETE,/ssh/issuer/:issuer_ref,unverified,typed,website/content/api-docs/secret/ssh.mdx,after;generate_signing_key;issuer_name;issuer_ref;key_bits;key_type;limit;private_key;public_key;set_default,data;data.issuer_id;data.issuer_name;data.public_key;lease_duration;lease_id;renewable;warnings,exact-pattern,ssh-delete-issuer,,,,,,required,required,,,,
GET /ssh/issuer/:issuer_ref,secret,GET,/ssh/issuer/:issuer_ref,unverified,typed,website/content/api-docs/secret/ssh.mdx,after;generate_signing_key;issuer_name;issuer_ref;key_bits;key_type;limit;private_key;public_key;set_default,data;data.issuer_id;data.issuer_name;data.public_key;lease_duration;lease_id;renewable;warnings,exact-pattern,ssh-read-issuer,,,,,,required,required,,,,
GET /ssh/issuer/:issuer_ref/public_key,secret,GET,/ssh/issuer/:issuer_ref/public_key,confirmed-gap,external,website/content/api-docs/secret/ssh.mdx,after;generate_signing_key;issuer_name;issuer_ref;key_bits;key_type;limit;private_key;public_key;set_default,data;data.issuer_id;data.issuer_name;data.public_key;lease_duration;lease_id;renewable;warnings,exact-pattern,ssh-get-issuer,,,,,,required,required,,,,
LIST /ssh/issuers,secret,LIST,/ssh/issuers,unverified,typed,website/content/api-docs/secret/ssh.mdx,after;generate_signing_key;issuer_name;issuer_ref;key_bits;key_type;limit;private_key;public_key;set_default,data;data.issuer_id;data.issuer_name;data.public_key;lease_duration;lease_id;renewable;warnings,exact-pattern,ssh-list-issuers,,,,,,required,required,,,,
POST /ssh/issuers/import/:issuer_name,secret,POST,/ssh/issuers/import/:issuer_name,unverified,typed,website/content/api-docs/secret/ssh.mdx,after;generate_signing_key;issuer_name;issuer_ref;key_bits;key_type;limit;private_key;public_key;set_default,data;data.issuer_id;data.issuer_name;data.public_key;lease_duration;lease_id;renewable;warnings,exact-pattern,ssh-submit-issuers-import-issuer_name,,,,,,required,required,,,,
POST /ssh/lookup,secret,POST,/ssh/lookup,unverified,typed,website/content/api-docs/secret/ssh.mdx,after;algorithm_signer;allow_bare_domains;allow_empty_principals;allow_host_certificates;allow_subdomains;allow_user_certificates;allow_user_key_ids;allowed_critical_options;allowed_domains;allowed_domains_template;allowed_extensions;allowed_user_key_lengths;allowed_users;allowed_users_template;cidr_list;default;default_critical_options;default_extensions;default_extensions_template;default_user;default_user_template;exclude_cidr_list;ip;issuer_ref;key_id_format;key_type;limit;max_ttl;name;not_before_duration;port;roles;ttl;username,allow_bare_domains;allow_host_certificates;allow_subdomains;allow_user_certificates;allow_user_key_ids;allowed_critical_options;allowed_extensions;auth;cidr_list;data;data.ip;data.key;data.key_info;data.key_info.dev;data.key_info.dev.issuer_ref;data.key_info.dev.key_type;data.key_type;data.keys;data.message;data.port;data.roles;data.username;default_critical_options;default_extensions;default_user;issuer_ref;key_type;lease_duration;lease_id;max_ttl;port;renewable;request_id;ttl;warnings;wrap_info,exact-pattern,ssh-list-roles-by-ip,,,,,,required,required,,,,
GET /ssh/public_key,secret,GET,/ssh/public_key,confirmed-gap,external,website/content/api-docs/secret/ssh.mdx,after;generate_signing_key;issuer_name;issuer_ref;key_bits;key_type;limit;private_key;public_key;set_default,data;data.issuer_id;data.issuer_name;data.public_key;lease_duration;lease_id;renewable;warnings,exact-pattern,ssh-read-public-key,,,,,,required,required,,,,
LIST /ssh/roles,secret,LIST,/ssh/roles,unverified,typed,website/content/api-docs/secret/ssh.mdx,after;algorithm_signer;allow_bare_domains;allow_empty_principals;allow_host_certificates;allow_subdomains;allow_user_certificates;allow_user_key_ids;allowed_critical_options;allowed_domains;allowed_domains_template;allowed_extensions;allowed_user_key_lengths;allowed_users;allowed_users_template;cidr_list;default;default_critical_options;default_extensions;default_extensions_template;default_user;default_user_template;exclude_cidr_list;ip;issuer_ref;key_id_format;key_type;limit;max_ttl;name;not_before_duration;port;roles;ttl;username,allow_bare_domains;allow_host_certificates;allow_subdomains;allow_user_certificates;allow_user_key_ids;allowed_critical_options;allowed_extensions;auth;cidr_list;data;data.ip;data.key;data.key_info;data.key_info.dev;data.key_info.dev.issuer_ref;data.key_info.dev.key_type;data.key_type;data.keys;data.message;data.port;data.roles;data.username;default_critical_options;default_extensions;default_user;issuer_ref;key_type;lease_duration;lease_id;max_ttl;port;renewable;request_id;ttl;warnings;wrap_info,exact-pattern,ssh-list-roles,,,,,,required,required,,,,
DELETE /ssh/roles/:name,secret,DELETE,/ssh/roles/:name,unverified,typed,website/content/api-docs/secret/ssh.mdx,after;algorithm_signer;allow_bare_domains;allow_empty_principals;allow_host_certificates;allow_subdomains;allow_user_certificates;allow_user_key_ids;allowed_critical_options;allowed_domains;allowed_domains_template;allowed_extensions;allowed_user_key_lengths;allowed_users;allowed_users_template;cidr_list;default;default_critical_options;default_extensions;default_extensions_template;default_user;default_user_template;exclude_cidr_list;ip;issuer_ref;key_id_format;key_type;limit;max_ttl;name;not_before_duration;port;roles;ttl;username,allow_bare_domains;allow_host_certificates;allow_subdomains;allow_user_certificates;allow_user_key_ids;allowed_critical_options;allowed_extensions;auth;cidr_list;data;data.ip;data.key;data.key_info;data.key_info.dev;data.key_info.dev.issuer_ref;data.key_info.dev.key_type;data.key_type;data.keys;data.message;data.port;data.roles;data.username;default_critical_options;default_extensions;default_user;issuer_ref;key_type;lease_duration;lease_id;max_ttl;port;renewable;request_id;ttl;warnings;wrap_info,exact-pattern,ssh-delete-role,,,,,,required,required,,,,
GET /ssh/roles/:name,secret,GET,/ssh/roles/:name,unverified,typed,website/content/api-docs/secret/ssh.mdx,after;algorithm_signer;allow_bare_domains;allow_empty_principals;allow_host_certificates;allow_subdomains;allow_user_certificates;allow_user_key_ids;allowed_critical_options;allowed_domains;allowed_domains_template;allowed_extensions;allowed_user_key_lengths;allowed_users;allowed_users_template;cidr_list;default;default_critical_options;default_extensions;default_extensions_template;default_user;default_user_template;exclude_cidr_list;ip;issuer_ref;key_id_format;key_type;limit;max_ttl;name;not_before_duration;port;roles;ttl;username,allow_bare_domains;allow_host_certificates;allow_subdomains;allow_user_certificates;allow_user_key_ids;allowed_critical_options;allowed_extensions;auth;cidr_list;data;data.ip;data.key;data.key_info;data.key_info.dev;data.key_info.dev.issuer_ref;data.key_info.dev.key_type;data.key_type;data.keys;data.message;data.port;data.roles;data.username;default_critical_options;default_extensions;default_user;issuer_ref;key_type;lease_duration;lease_id;max_ttl;port;renewable;request_id;ttl;warnings;wrap_info,exact-pattern,ssh-read-role,,,,,,required,required,,,,
POST /ssh/roles/:name,secret,POST,/ssh/roles/:name,unverified,typed,website/content/api-docs/secret/ssh.mdx,after;algorithm_signer;allow_bare_domains;allow_empty_principals;allow_host_certificates;allow_subdomains;allow_user_certificates;allow_user_key_ids;allowed_critical_options;allowed_domains;allowed_domains_template;allowed_extensions;allowed_user_key_lengths;allowed_users;allowed_users_template;cidr_list;default;default_critical_options;default_extensions;default_extensions_template;default_user;default_user_template;exclude_cidr_list;ip;issuer_ref;key_id_format;key_type;limit;max_ttl;name;not_before_duration;port;roles;ttl;username,allow_bare_domains;allow_host_certificates;allow_subdomains;allow_user_certificates;allow_user_key_ids;allowed_critical_options;allowed_extensions;auth;cidr_list;data;data.ip;data.key;data.key_info;data.key_info.dev;data.key_info.dev.issuer_ref;data.key_info.dev.key_type;data.key_type;data.keys;data.message;data.port;data.roles;data.username;default_critical_options;default_extensions;default_user;issuer_ref;key_type;lease_duration;lease_id;max_ttl;port;renewable;request_id;ttl;warnings;wrap_info,exact-pattern,ssh-write-role,,,,,,required,required,,,,
POST /ssh/sign/:name,secret,POST,/ssh/sign/:name,unverified,typed,website/content/api-docs/secret/ssh.mdx,cert_type;critical_options;extensions;key_bits;key_id;key_type;name;public_key;ttl;valid_principals,auth;data;data.issuer_id;data.private_key;data.private_key_type;data.serial_number;data.signed_key;lease_duration;lease_id;renewable;request_id;warnings;wrap_info,exact-pattern,ssh-sign-certificate,,,,,,required,required,,,,
DELETE /ssh/tidy/dynamic-keys,secret,DELETE,/ssh/tidy/dynamic-keys,unverified,typed,website/content/api-docs/secret/ssh.mdx,after;algorithm_signer;allow_bare_domains;allow_empty_principals;allow_host_certificates;allow_subdomains;allow_user_certificates;allow_user_key_ids;allowed_critical_options;allowed_domains;allowed_domains_template;allowed_extensions;allowed_user_key_lengths;allowed_users;allowed_users_template;cidr_list;default;default_critical_options;default_extensions;default_extensions_template;default_user;default_user_template;exclude_cidr_list;ip;issuer_ref;key_id_format;key_type;limit;max_ttl;name;not_before_duration;port;roles;ttl;username,allow_bare_domains;allow_host_certificates;allow_subdomains;allow_user_certificates;allow_user_key_ids;allowed_critical_options;allowed_extensions;auth;cidr_list;data;data.ip;data.key;data.key_info;data.key_info.dev;data.key_info.dev.issuer_ref;data.key_info.dev.key_type;data.key_type;data.keys;data.message;data.port;data.roles;data.username;default_critical_options;default_extensions;default_user;issuer_ref;key_type;lease_duration;lease_id;max_ttl;port;renewable;request_id;ttl;warnings;wrap_info,exact-pattern,ssh-tidy-dynamic-host-keys,,,,,,required,required,,,,
POST /ssh/verify,secret,POST,/ssh/verify,unverified,typed,website/content/api-docs/secret/ssh.mdx,otp,auth;data;data.ip;data.username;lease_duration;lease_id;renewable;warnings,exact-pattern,ssh-verify-otp,,,,,,required,required,,,,
GET /sys/audit,system,GET,/sys/audit,unverified,typed,website/content/api-docs/system/audit.mdx,,,exact-pattern,auditing-list-enabled-devices,,,,,,required,required,,,,
POST /sys/audit-hash/:path,system,POST,/sys/audit-hash/:path,unverified,typed,website/content/api-docs/system/audit-hash.mdx,input;path,hash,exact-pattern,auditing-calculate-hash,,,,,,required,required,,,,
DELETE /sys/audit/:path,system,DELETE,/sys/audit/:path,unverified,typed,website/content/api-docs/system/audit.mdx,path,,exact-pattern,auditing-disable-device,,,,,,required,required,,,,
POST /sys/audit/:path,system,POST,/sys/audit/:path,unverified,typed,website/content/api-docs/system/audit.mdx,description;options;path;type,,exact-pattern,auditing-enable-device,,,,,,required,required,,,,
GET /sys/auth,system,GET,/sys/auth,unverified,typed,website/content/api-docs/system/auth.mdx,,data;data.github/;data.github/.accessor;data.github/.config;data.github/.config.default_lease_ttl;data.github/.config.force_no_cache;data.github/.config.max_lease_ttl;data.github/.config.token_type;data.github/.deprecation_status;data.github/.description;data.github/.external_entropy_access;data.github/.local;data.github/.options;data.github/.plugin_version;data.github/.running_plugin_version;data.github/.running_sha256;data.github/.seal_wrap;data.github/.type;data.github/.uuid;data.token/;data.token/.accessor;data.token/.config;data.token/.config.default_lease_ttl;data.token/.config.force_no_cache;data.token/.config.max_lease_ttl;data.token/.config.token_type;data.token/.description;data.token/.external_entropy_access;data.token/.local;data.token/.options;data.token/.plugin_version;data.token/.running_plugin_version;data.token/.running_sha256;data.token/.seal_wrap;data.token/.type;data.token/.uuid;lease_duration;lease_id;renewable;request_id;warnings,exact-pattern,auth-list-enabled-methods,,,,,,required,required,,,,
DELETE /sys/auth/:path,system,DELETE,/sys/auth/:path,unverified,typed,website/content/api-docs/system/auth.mdx,path,,exact-pattern,auth-disable-method,,,,,,required,required,,,,
GET /sys/auth/:path,system,GET,/sys/auth/:path,confirmed-gap,typed,website/content/api-docs/system/auth.mdx,,data;data.accessor;data.config;data.config.default_lease_ttl;data.config.force_no_cache;data.config.max_lease_ttl;data.config.token_type;data.deprecation_status;data.description;data.external_entropy_access;data.local;data.options;data.plugin_version;data.running_plugin_version;data.running_sha256;data.seal_wrap;data.type;data.uuid;lease_duration;lease_id;renewable;request_id;warnings,exact-pattern,auth-read-configuration,,,,,,required,required,,,,
POST /sys/auth/:path,system,POST,/sys/auth/:path,unverified,typed,website/content/api-docs/system/auth.mdx,allowed_response_headers;audit_non_hmac_request_keys;audit_non_hmac_response_keys;config;default_lease_ttl;description;listing_visibility;max_lease_ttl;passthrough_request_headers;path;plugin_version;type,,exact-pattern,auth-enable-method,,,,,,required,required,,,,
GET /sys/auth/:path/tune,system,GET,/sys/auth/:path/tune,unverified,typed,website/content/api-docs/system/auth.mdx,path,default_lease_ttl;description;force_no_cache;max_lease_ttl;token_type,exact-pattern,auth-read-tuning-information,,,,,,required,required,,,,
POST /sys/auth/:path/tune,system,POST,/sys/auth/:path/tune,unverified,typed,website/content/api-docs/system/auth.mdx,allowed_response_headers;audit_non_hmac_request_keys;audit_non_hmac_response_keys;default_lease_ttl;description;listing_visibility;lockout_counter_reset;lockout_disable;lockout_duration;lockout_threshold;max_lease_ttl;passthrough_request_headers;plugin_version;token_type;user_lockout_config,,exact-pattern,auth-tune-configuration-parameters,,,,,,required,required,,,,
POST /sys/capabilities,system,POST,/sys/capabilities,unverified,typed,website/content/api-docs/system/capabilities.mdx,paths;token,capabilities;secret/foo,exact-pattern,query-token-capabilities,,,,,,required,required,,,,
POST /sys/capabilities-accessor,system,POST,/sys/capabilities-accessor,unverified,typed,website/content/api-docs/system/capabilities-accessor.mdx,accessor;paths,capabilities;secret/foo,exact-pattern,query-token-accessor-capabilities,,,,,,required,required,,,,
POST /sys/capabilities-self,system,POST,/sys/capabilities-self,unverified,typed,website/content/api-docs/system/capabilities-self.mdx,paths,capabilities;secret/foo,exact-pattern,query-token-self-capabilities,,,,,,required,required,,,,
GET /sys/config/auditing/request-headers,system,GET,/sys/config/auditing/request-headers,unverified,typed,website/content/api-docs/system/config-auditing.mdx,,headers;headers.X-Forwarded-For;headers.X-Forwarded-For.hmac,exact-pattern,auditing-list-request-headers,,,,,,required,required,,,,
DELETE /sys/config/auditing/request-headers/:name,system,DELETE,/sys/config/auditing/request-headers/:name,unverified,typed,website/content/api-docs/system/config-auditing.mdx,,,exact-pattern,auditing-disable-request-header,,,,,,required,required,,,,
GET /sys/config/auditing/request-headers/:name,system,GET,/sys/config/auditing/request-headers/:name,unverified,typed,website/content/api-docs/system/config-auditing.mdx,name,X-Forwarded-For;X-Forwarded-For.hmac,exact-pattern,auditing-read-request-header-information,,,,,,required,required,,,,
POST /sys/config/auditing/request-headers/:name,system,POST,/sys/config/auditing/request-headers/:name,unverified,typed,website/content/api-docs/system/config-auditing.mdx,hmac,,exact-pattern,auditing-enable-request-header,,,,,,required,required,,,,
DELETE /sys/config/cors,system,DELETE,/sys/config/cors,unverified,typed,website/content/api-docs/system/config-cors.mdx,,,exact-pattern,cors-delete-configuration,,,,,,required,required,,,,
GET /sys/config/cors,system,GET,/sys/config/cors,unverified,typed,website/content/api-docs/system/config-cors.mdx,,allowed_headers;allowed_origins;enabled,exact-pattern,cors-read-configuration,,,,,,required,required,,,,
POST /sys/config/cors,system,POST,/sys/config/cors,unverified,typed,website/content/api-docs/system/config-cors.mdx,allowed_headers;allowed_origins,,exact-pattern,cors-configure,,,,,,required,required,,,,
GET /sys/config/state/sanitized,system,GET,/sys/config/state/sanitized,unverified,typed,website/content/api-docs/system/config-state.mdx,,api_addr;cache_size;cluster_addr;cluster_cipher_suites;cluster_name;default_lease_ttl;default_max_request_duration;disable_cache;disable_clustering;disable_indexing;disable_performance_standby;disable_printable_check;disable_sealwrap;enable_ui;listeners;listeners[].config;listeners[].config.address;listeners[].config.tls_disable;listeners[].type;log_format;log_level;max_lease_ttl;pid_file;plugin_directory;raw_storage_endpoint;seals;seals[].disabled;seals[].type;storage;storage.cluster_addr;storage.disable_clustering;storage.redirect_addr;storage.type,exact-pattern,read-sanitized-configuration-state,,,,,,required,required,,,,
LIST /sys/config/ui/headers,system,LIST,/sys/config/ui/headers,confirmed-gap,rejected,website/content/api-docs/system/config-ui.mdx,,data;data.keys,exact-pattern,ui-headers-list,,,,,,required,required,,,,
DELETE /sys/config/ui/headers/:name,system,DELETE,/sys/config/ui/headers/:name,confirmed-gap,rejected,website/content/api-docs/system/config-ui.mdx,,,exact-pattern,ui-headers-delete-configuration,,,,,,required,required,,,,
GET /sys/config/ui/headers/:name,system,GET,/sys/config/ui/headers/:name,confirmed-gap,rejected,website/content/api-docs/system/config-ui.mdx,multivalue;name,value;values,exact-pattern,ui-headers-read-configuration,,,,,,required,required,,,,
POST /sys/config/ui/headers/:name,system,POST,/sys/config/ui/headers/:name,confirmed-gap,rejected,website/content/api-docs/system/config-ui.mdx,name;values,,exact-pattern,ui-headers-configure,,,,,,required,required,,,,
DELETE /sys/generate-recovery-token/attempt,system,DELETE,/sys/generate-recovery-token/attempt,unverified,typed-gated,website/content/api-docs/system/generate-recovery-token.mdx,,,absent,,,,,,,required,required,,,,
GET /sys/generate-recovery-token/attempt,system,GET,/sys/generate-recovery-token/attempt,unverified,typed-gated,website/content/api-docs/system/generate-recovery-token.mdx,,complete;encoded_token;nonce;otp_length;pgp_fingerprint;progress;required;started,absent,,,,,,,required,required,,,,
POST /sys/generate-recovery-token/attempt,system,POST,/sys/generate-recovery-token/attempt,unverified,typed-gated,website/content/api-docs/system/generate-recovery-token.mdx,pgp_key,complete;encoded_token;nonce;otp;otp_length;progress;required;started,absent,,,,,,,required,required,,,,
POST /sys/generate-recovery-token/update,system,POST,/sys/generate-recovery-token/update,unverified,typed-gated,website/content/api-docs/system/generate-recovery-token.mdx,key;nonce,complete;encoded_token;nonce;pgp_fingerprint;progress;required;started,absent,,,,,,,required,required,,,,
DELETE /sys/generate-root/attempt,system,DELETE,/sys/generate-root/attempt,unverified,typed-gated,website/content/api-docs/system/generate-root.mdx,,,exact-pattern,root-token-generation-cancel,,,,,,required,required,,,,
GET /sys/generate-root/attempt,system,GET,/sys/generate-root/attempt,unverified,typed-gated,website/content/api-docs/system/generate-root.mdx,,complete;encoded_token;nonce;otp_length;pgp_fingerprint;progress;required;started,exact-pattern,root-token-generation-read-progress,,,,,,required,required,,,,
POST /sys/generate-root/attempt,system,POST,/sys/generate-root/attempt,unverified,typed-gated,website/content/api-docs/system/generate-root.mdx,pgp_key,complete;encoded_token;nonce;otp;otp_length;progress;required;started,exact-pattern,root-token-generation-initialize,,,,,,required,required,,,,
POST /sys/generate-root/update,system,POST,/sys/generate-root/update,unverified,typed-gated,website/content/api-docs/system/generate-root.mdx,key;nonce,complete;encoded_token;nonce;pgp_fingerprint;progress;required;started,exact-pattern,root-token-generation-update,,,,,,required,required,,,,
GET /sys/ha-status,system,GET,/sys/ha-status,unverified,typed,website/content/api-docs/system/ha-status.mdx,,Nodes;Nodes[].active_node;Nodes[].api_address;Nodes[].cluster_address;Nodes[].hostname;Nodes[].last_echo;Nodes[].version,exact-pattern,ha-status,,,,,,required,required,,,,
GET /sys/health,system,GET,/sys/health,unverified,typed,website/content/api-docs/system/health.mdx,activecode;sealedcode;standbycode;standbyok;uninitcode,cluster_id;cluster_name;initialized;performance_standby;replication_dr_mode;replication_performance_mode;sealed;server_time_utc;standby;version,exact-pattern,read-health-status,,,,,,required,required,,,,
HEAD /sys/health,system,HEAD,/sys/health,confirmed-gap,omitted,website/content/api-docs/system/health.mdx,activecode;sealedcode;standbycode;standbyok;uninitcode,cluster_id;cluster_name;initialized;performance_standby;replication_dr_mode;replication_performance_mode;sealed;server_time_utc;standby;version,absent,,,,,,,required,required,,,,
GET /sys/host-info,system,GET,/sys/host-info,unverified,typed,website/content/api-docs/system/host-info.mdx,,,exact-pattern,collect-host-information,,,,,,required,required,,,,
GET /sys/in-flight-req,system,GET,/sys/in-flight-req,unverified,typed-gated,website/content/api-docs/system/in-flight-req.mdx,,,exact-pattern,collect-in-flight-request-information,,,,,,required,required,,,,
GET /sys/init,system,GET,/sys/init,unverified,typed,website/content/api-docs/system/init.mdx,,initialized,exact-pattern,read-initialization-status,,,,,,required,required,,,,
POST /sys/init,system,POST,/sys/init,unverified,typed,website/content/api-docs/system/init.mdx,pgp_keys;recovery_pgp_keys;recovery_shares;recovery_threshold;root_token_pgp_key;secret_shares;secret_threshold;stored_shares,keys;keys_base64;root_token,exact-pattern,initialize-system,,,,,,required,required,,,,
GET /sys/internal/counters/entities,system,GET,/sys/internal/counters/entities,confirmed-gap,rejected,website/content/api-docs/system/internal-counters.mdx,,auth;data;data.counters;data.counters.entities;data.counters.entities.total;lease_duration;lease_id;renewable;request_id;warnings;wrap_info,exact-pattern,internal-count-entities,,,,,,required,required,,,,
GET /sys/internal/counters/tokens,system,GET,/sys/internal/counters/tokens,confirmed-gap,rejected,website/content/api-docs/system/internal-counters.mdx,,auth;data;data.counters;data.counters.service_tokens;data.counters.service_tokens.total;lease_duration;lease_id;renewable;request_id;warnings;wrap_info,exact-pattern,internal-count-tokens,,,,,,required,required,,,,
GET /sys/internal/inspect/request/root,system,GET,/sys/internal/inspect/request/root,confirmed-gap,rejected,website/content/api-docs/system/inspect/request.mdx,,,absent,,,,,,,required,required,,,,
GET /sys/internal/inspect/router/accessor,system,GET,/sys/internal/inspect/router/accessor,confirmed-gap,rejected,website/content/api-docs/system/inspect/router.mdx,,,exact-pattern,internal-inspect-router,,,,,,required,required,,,,
GET /sys/internal/inspect/router/root,system,GET,/sys/internal/inspect/router/root,confirmed-gap,rejected,website/content/api-docs/system/inspect/router.mdx,,data;data.root;data.root[].accessor;data.root[].mount_namespace;data.root[].mount_path;data.root[].mount_type;data.root[].storage_prefix;data.root[].tainted;data.root[].uuid;lease_duration;lease_id;renewable;request_id;warnings,exact-pattern,internal-inspect-router,,,,,,required,required,,,,
GET /sys/internal/inspect/router/storage,system,GET,/sys/internal/inspect/router/storage,confirmed-gap,rejected,website/content/api-docs/system/inspect/router.mdx,,data;data.storage;data.storage[].accessor;data.storage[].mount_namespace;data.storage[].mount_path;data.storage[].mount_type;data.storage[].storage_prefix;data.storage[].tainted;data.storage[].uuid;lease_duration;lease_id;renewable;request_id;warnings,exact-pattern,internal-inspect-router,,,,,,required,required,,,,
GET /sys/internal/inspect/router/uuid,system,GET,/sys/internal/inspect/router/uuid,confirmed-gap,rejected,website/content/api-docs/system/inspect/router.mdx,,data;data.uuid;data.uuid[].accessor;data.uuid[].mount_namespace;data.uuid[].mount_path;data.uuid[].mount_type;data.uuid[].uuid;lease_duration;lease_id;renewable;request_id;warnings,exact-pattern,internal-inspect-router,,,,,,required,required,,,,
GET /sys/internal/specs/openapi,system,GET,/sys/internal/specs/openapi,unverified,typed,website/content/api-docs/system/internal-specs-openapi.mdx,generic_mount_paths,,exact-pattern,internal-generate-open-api-document,,,,,,required,required,,,,
GET /sys/internal/ui/mounts,system,GET,/sys/internal/ui/mounts,unverified,typed,website/content/api-docs/system/internal-ui-mounts.mdx,,auth;auth.github/;auth.github/.description;auth.github/.type;secret;secret.custom-secrets/;secret.custom-secrets/.description;secret.custom-secrets/.options;secret.custom-secrets/.options.version;secret.custom-secrets/.type,exact-pattern,internal-ui-list-enabled-visible-mounts,,,,,,required,required,,,,
GET /sys/internal/ui/mounts/:path,system,GET,/sys/internal/ui/mounts/:path,unverified,typed,website/content/api-docs/system/internal-ui-mounts.mdx,,accessor;config;config.default_lease_ttl;config.force_no_cache;config.max_lease_ttl;description;external_entropy_access;local;options;path;seal_wrap;type;uuid,exact-pattern,internal-ui-read-mount-information,,,,,,required,required,,,,
GET /sys/internal/ui/namespaces,system,GET,/sys/internal/ui/namespaces,unverified,typed,website/content/api-docs/system/internal-ui-namespaces.mdx,,namespaces,exact-pattern,internal-ui-list-namespaces,,,,,,required,required,,,,
GET /sys/internal/ui/resultant-acl,system,GET,/sys/internal/ui/resultant-acl,unverified,typed,website/content/api-docs/system/internal-ui-resultant-acl.mdx,,resultant-acl,exact-pattern,internal-ui-read-resultant-acl,,,,,,required,required,,,,
GET /sys/key-status,system,GET,/sys/key-status,unverified,typed,website/content/api-docs/system/key-status.mdx,,encryptions;install_time;term,exact-pattern,encryption-key-status,,,,,,required,required,,,,
GET /sys/leader,system,GET,/sys/leader,unverified,typed,website/content/api-docs/system/leader.mdx,,ha_enabled;is_self;leader_address;leader_cluster_address;performance_standby;performance_standby_last_remote_wal,exact-pattern,leader-status,,,,,,required,required,,,,
GET /sys/leases,system,GET,/sys/leases,confirmed-gap,typed,website/content/api-docs/system/leases.mdx,type,,exact-pattern,leases-list,,,,,,required,required,,,,
GET /sys/leases/count,system,GET,/sys/leases/count,unverified,typed,website/content/api-docs/system/leases.mdx,type,,exact-pattern,leases-count,,,,,,required,required,,,,
POST /sys/leases/lookup,system,POST,/sys/leases/lookup,unverified,typed,website/content/api-docs/system/leases.mdx,lease_id,data;data.expire_time;data.id;data.issue_time;data.last_renewal;data.renewable;data.ttl,exact-pattern,leases-read-lease,,,,,,required,required,,,,
LIST /sys/leases/lookup/:prefix,system,LIST,/sys/leases/lookup/:prefix,confirmed-gap,typed,website/content/api-docs/system/leases.mdx,,data;data.keys,exact-pattern,leases-look-up-with-prefix,,,,,,required,required,,,,
POST /sys/leases/renew,system,POST,/sys/leases/renew,unverified,typed,website/content/api-docs/system/leases.mdx,increment;lease_id,lease_duration;lease_id;renewable,exact-pattern,leases-renew-lease2,,,,,,required,required,,,,
POST /sys/leases/revoke,system,POST,/sys/leases/revoke,unverified,typed,website/content/api-docs/system/leases.mdx,lease_id;sync,,exact-pattern,leases-revoke-lease2,,,,,,required,required,,,,
POST /sys/leases/revoke-force/:prefix,system,POST,/sys/leases/revoke-force/:prefix,unverified,typed,website/content/api-docs/system/leases.mdx,prefix,,exact-pattern,leases-force-revoke-lease-with-prefix2,,,,,,required,required,,,,
POST /sys/leases/revoke-prefix/:prefix,system,POST,/sys/leases/revoke-prefix/:prefix,unverified,typed,website/content/api-docs/system/leases.mdx,prefix;sync,,exact-pattern,leases-revoke-lease-with-prefix2,,,,,,required,required,,,,
POST /sys/leases/tidy,system,POST,/sys/leases/tidy,unverified,typed,website/content/api-docs/system/leases.mdx,,,exact-pattern,leases-tidy,,,,,,required,required,,,,
GET /sys/locked-users,system,GET,/sys/locked-users,unverified,typed,website/content/api-docs/system/user-lockout.mdx,mount_accessor,,exact-pattern,locked-users-list,,,,,,required,required,,,,
POST /sys/locked-users/:mount_accessor/unlock/:alias-identifier,system,POST,/sys/locked-users/:mount_accessor/unlock/:alias-identifier,unverified,typed,website/content/api-docs/system/user-lockout.mdx,alias_identifier;mount_accessor,,exact-pattern,locked-users-unlock,,,,,,required,required,,,,
DELETE /sys/loggers,system,DELETE,/sys/loggers,unverified,typed,website/content/api-docs/system/loggers.mdx,,,exact-pattern,loggers-revert-verbosity-level,,,,,,required,required,,,,
GET /sys/loggers,system,GET,/sys/loggers,unverified,typed,website/content/api-docs/system/loggers.mdx,,audit;core;policy,exact-pattern,loggers-read-verbosity-level,,,,,,required,required,,,,
POST /sys/loggers,system,POST,/sys/loggers,unverified,typed,website/content/api-docs/system/loggers.mdx,level,,exact-pattern,loggers-update-verbosity-level,,,,,,required,required,,,,
DELETE /sys/loggers/:name,system,DELETE,/sys/loggers/:name,unverified,typed,website/content/api-docs/system/loggers.mdx,name,,exact-pattern,loggers-revert-verbosity-level-for,,,,,,required,required,,,,
GET /sys/loggers/:name,system,GET,/sys/loggers/:name,unverified,typed,website/content/api-docs/system/loggers.mdx,,core,exact-pattern,loggers-read-verbosity-level-for,,,,,,required,required,,,,
POST /sys/loggers/:name,system,POST,/sys/loggers/:name,unverified,typed,website/content/api-docs/system/loggers.mdx,level;name,,exact-pattern,loggers-update-verbosity-level-for,,,,,,required,required,,,,
GET /sys/metrics,system,GET,/sys/metrics,unverified,typed,website/content/api-docs/system/metrics.mdx,format,,exact-pattern,metrics,,,,,,required,required,,,,
POST /sys/mfa/validate,system,POST,/sys/mfa/validate,unverified,typed,website/content/api-docs/system/mfa-validate.mdx,mfa_payload;mfa_request_id,auth;auth.accessor;auth.client_token;auth.entity_id;auth.identity_policies;auth.lease_duration;auth.metadata;auth.metadata.username;auth.mfa_requirement;auth.orphan;auth.policies;auth.renewable;auth.token_policies;data;lease_duration;lease_id;renewable;request_id;warnings,exact-pattern,mfa-validate,,,,,,required,required,,,,
GET /sys/monitor,system,GET,/sys/monitor,confirmed-gap,rejected,website/content/api-docs/system/monitor.mdx,log_format;log_level,,exact-pattern,monitor,,,,,,required,required,,,,
GET /sys/mounts,system,GET,/sys/mounts,unverified,typed,website/content/api-docs/system/mounts.mdx,,data;data.cubbyhole/;data.cubbyhole/.accessor;data.cubbyhole/.config;data.cubbyhole/.config.default_lease_ttl;data.cubbyhole/.config.force_no_cache;data.cubbyhole/.config.max_lease_ttl;data.cubbyhole/.description;data.cubbyhole/.external_entropy_access;data.cubbyhole/.local;data.cubbyhole/.options;data.cubbyhole/.plugin_version;data.cubbyhole/.running_plugin_version;data.cubbyhole/.running_sha256;data.cubbyhole/.seal_wrap;data.cubbyhole/.type;data.cubbyhole/.uuid;data.identity/;data.identity/.accessor;data.identity/.config;data.identity/.config.default_lease_ttl;data.identity/.config.force_no_cache;data.identity/.config.max_lease_ttl;data.identity/.description;data.identity/.external_entropy_access;data.identity/.local;data.identity/.options;data.identity/.plugin_version;data.identity/.running_plugin_version;data.identity/.running_sha256;data.identity/.seal_wrap;data.identity/.type;data.identity/.uuid;data.secret/;data.secret/.accessor;data.secret/.config;data.secret/.config.default_lease_ttl;data.secret/.config.force_no_cache;data.secret/.config.max_lease_ttl;data.secret/.deprecation_status;data.secret/.description;data.secret/.external_entropy_access;data.secret/.local;data.secret/.options;data.secret/.options.version;data.secret/.plugin_version;data.secret/.running_plugin_version;data.secret/.running_sha256;data.secret/.seal_wrap;data.secret/.type;data.secret/.uuid;data.sys/;data.sys/.accessor;data.sys/.config;data.sys/.config.default_lease_ttl;data.sys/.config.force_no_cache;data.sys/.config.max_lease_ttl;data.sys/.config.passthrough_request_headers;data.sys/.description;data.sys/.external_entropy_access;data.sys/.local;data.sys/.options;data.sys/.plugin_version;data.sys/.running_plugin_version;data.sys/.running_sha256;data.sys/.seal_wrap;data.sys/.type;data.sys/.uuid;lease_duration;lease_id;renewable;request_id;warnings,exact-pattern,mounts-list-secrets-engines,,,,,,required,required,,,,
DELETE /sys/mounts/:path,system,DELETE,/sys/mounts/:path,unverified,typed,website/content/api-docs/system/mounts.mdx,,,exact-pattern,mounts-disable-secrets-engine,,,,,,required,required,,,,
GET /sys/mounts/:path,system,GET,/sys/mounts/:path,unverified,typed,website/content/api-docs/system/mounts.mdx,,accessor;auth;config;config.default_lease_ttl;config.force_no_cache;config.max_lease_ttl;data;data.accessor;data.config;data.config.default_lease_ttl;data.config.force_no_cache;data.config.max_lease_ttl;data.description;data.external_entropy_access;data.local;data.options;data.plugin_version;data.running_plugin_version;data.running_sha256;data.seal_wrap;data.type;data.uuid;description;external_entropy_access;lease_duration;lease_id;local;options;renewable;request_id;seal_wrap;type;uuid;warnings;wrap_info,exact-pattern,mounts-read-configuration,,,,,,required,required,,,,
POST /sys/mounts/:path,system,POST,/sys/mounts/:path,unverified,typed,website/content/api-docs/system/mounts.mdx,allowed_response_headers;audit_non_hmac_request_keys;audit_non_hmac_response_keys;config;default_lease_ttl;description;force_no_cache;listing_visibility;max_lease_ttl;options;passthrough_request_headers;path;plugin_version;type;version,,exact-pattern,mounts-enable-secrets-engine,,,,,,required,required,,,,
GET /sys/mounts/:path/tune,system,GET,/sys/mounts/:path/tune,unverified,typed,website/content/api-docs/system/mounts.mdx,,default_lease_ttl;force_no_cache;max_lease_ttl,exact-pattern,mounts-read-tuning-information,,,,,,required,required,,,,
POST /sys/mounts/:path/tune,system,POST,/sys/mounts/:path/tune,unverified,typed,website/content/api-docs/system/mounts.mdx,allowed_response_headers;audit_non_hmac_request_keys;audit_non_hmac_response_keys;default_lease_ttl;description;listing_visibility;max_lease_ttl;passthrough_request_headers;plugin_version,,exact-pattern,mounts-tune-configuration-parameters,,,,,,required,required,,,,
LIST /sys/namespaces,system,LIST,/sys/namespaces,unverified,typed,website/content/api-docs/system/namespaces.mdx,,data;data.key_info;data.key_info.bar/;data.key_info.bar/.custom_metadata;data.key_info.bar/.id;data.key_info.bar/.path;data.key_info.foo/;data.key_info.foo/.custom_metadata;data.key_info.foo/.id;data.key_info.foo/.path;data.keys,exact-pattern,namespaces-list-namespaces,,,,,,required,required,,,,
DELETE /sys/namespaces/:path,system,DELETE,/sys/namespaces/:path,unverified,typed,website/content/api-docs/system/namespaces.mdx,,,exact-pattern,namespaces-delete-namespaces-path,,,,,,required,required,,,,
GET /sys/namespaces/:path,system,GET,/sys/namespaces/:path,unverified,typed,website/content/api-docs/system/namespaces.mdx,,custom_metadata;custom_metadata.bar;custom_metadata.foo;id;path,exact-pattern,namespaces-read-namespaces-path,,,,,,required,required,,,,
PATCH /sys/namespaces/:path,system,PATCH,/sys/namespaces/:path,unverified,typed,website/content/api-docs/system/namespaces.mdx,custom_metadata;path,,absent,,,,,,,required,required,,,,
POST /sys/namespaces/:path,system,POST,/sys/namespaces/:path,unverified,typed,website/content/api-docs/system/namespaces.mdx,custom_metadata;path,,exact-pattern,namespaces-write-namespaces-path,,,,,,required,required,,,,
GET /sys/plugins/catalog,system,GET,/sys/plugins/catalog,unverified,typed,website/content/api-docs/system/plugins-catalog.mdx,,,exact-pattern,plugins-catalog-list-plugins,,,,,,required,required,,,,
POST /sys/plugins/catalog/:type/:name,system,POST,/sys/plugins/catalog/:type/:name,unverified,typed,website/content/api-docs/system/plugins-catalog.mdx,args;command;env;name;oci;sha256;type;version,,exact-pattern,plugins-catalog-register-plugin-with-type,,,,,,required,required,,,,
DELETE /sys/plugins/catalog/:type/:name?version=:version,system,DELETE,/sys/plugins/catalog/:type/:name?version=:version,unverified,typed,website/content/api-docs/system/plugins-catalog.mdx,name;type;version,,exact-pattern,plugins-catalog-remove-plugin-with-type,,,,,,required,required,,,,
GET /sys/plugins/catalog/:type/:name?version=:version,system,GET,/sys/plugins/catalog/:type/:name?version=:version,unverified,typed,website/content/api-docs/system/plugins-catalog.mdx,name;type;version,data;data.args;data.builtin;data.command;data.name;data.sha256;data.version,exact-pattern,plugins-catalog-read-plugin-configuration-with-type,,,,,,required,required,,,,
LIST /sys/plugins/catalog/auth,system,LIST,/sys/plugins/catalog/auth,unverified,typed,website/content/api-docs/system/plugins-catalog.mdx,,data;data.keys,exact-pattern,plugins-catalog-list-plugins-with-type,,,,,,required,required,,,,
LIST /sys/plugins/catalog/database,system,LIST,/sys/plugins/catalog/database,unverified,typed,website/content/api-docs/system/plugins-catalog.mdx,,data;data.keys,exact-pattern,plugins-catalog-list-plugins-with-type,,,,,,required,required,,,,
LIST /sys/plugins/catalog/secret,system,LIST,/sys/plugins/catalog/secret,unverified,typed,website/content/api-docs/system/plugins-catalog.mdx,,data;data.keys,exact-pattern,plugins-catalog-list-plugins-with-type,,,,,,required,required,,,,
POST /sys/plugins/reload/backend,system,POST,/sys/plugins/reload/backend,unverified,typed,website/content/api-docs/system/plugins-reload-backend.mdx,mounts;plugin;scope,,exact-pattern,plugins-reload-backends,,,,,,required,required,,,,
LIST /sys/policies/acl,system,LIST,/sys/policies/acl,confirmed-gap,typed,website/content/api-docs/system/policies.mdx,,keys,exact-pattern,policies-list-acl-policies,,,,,,required,required,,,,
DELETE /sys/policies/acl/:name,system,DELETE,/sys/policies/acl/:name,confirmed-gap,typed,website/content/api-docs/system/policies.mdx,name,,exact-pattern,policies-delete-acl-policy,,,,,,required,required,,,,
GET /sys/policies/acl/:name,system,GET,/sys/policies/acl/:name,confirmed-gap,typed,website/content/api-docs/system/policies.mdx,name,cas_required;modified;name;policy;version,exact-pattern,policies-read-acl-policy,,,,,,required,required,,,,
POST /sys/policies/acl/:name,system,POST,/sys/policies/acl/:name,confirmed-gap,typed,website/content/api-docs/system/policies.mdx,cas;cas_required;expiration;name;policy;ttl,,exact-pattern,policies-write-acl-policy,,,,,,required,required,,,,
LIST /sys/policies/acl/:prefix,system,LIST,/sys/policies/acl/:prefix,confirmed-gap,typed,website/content/api-docs/system/policies.mdx,,keys,exact-pattern,policies-read-acl-policy,,,,,,required,required,,,,
LIST /sys/policies/detailed/acl,system,LIST,/sys/policies/detailed/acl,confirmed-gap,typed,website/content/api-docs/system/policies.mdx,,keys,exact-pattern,system-list-policies-detailed-acl,,,,,,required,required,,,,
LIST /sys/policies/detailed/acl/:prefix,system,LIST,/sys/policies/detailed/acl/:prefix,confirmed-gap,typed,website/content/api-docs/system/policies.mdx,,keys,exact-pattern,system-list-policies-detailed-acl-name,,,,,,required,required,,,,
LIST /sys/policies/password,system,LIST,/sys/policies/password,unverified,typed,website/content/api-docs/system/policies-password.mdx,,auth;data;data.keys;lease_duration;lease_id;renewable;request_id;warnings;wrap_info,exact-pattern,policies-list-password-policies,,,,,,required,required,,,,
DELETE /sys/policies/password/:name,system,DELETE,/sys/policies/password/:name,unverified,typed,website/content/api-docs/system/policies-password.mdx,name,,exact-pattern,policies-delete-password-policy,,,,,,required,required,,,,
GET /sys/policies/password/:name,system,GET,/sys/policies/password/:name,unverified,typed,website/content/api-docs/system/policies-password.mdx,name,policy,exact-pattern,policies-read-password-policy,,,,,,required,required,,,,
POST /sys/policies/password/:name,system,POST,/sys/policies/password/:name,unverified,typed,website/content/api-docs/system/policies-password.mdx,name;policy,,exact-pattern,policies-write-password-policy,,,,,,required,required,,,,
GET /sys/policies/password/:name/generate,system,GET,/sys/policies/password/:name/generate,unverified,typed,website/content/api-docs/system/policies-password.mdx,name,password,exact-pattern,policies-generate-password-from-password-policy,,,,,,required,required,,,,
GET /sys/policies/password?list=true,system,GET,/sys/policies/password?list=true,unverified,typed,website/content/api-docs/system/policies-password.mdx,,auth;data;data.keys;lease_duration;lease_id;renewable;request_id;warnings;wrap_info,exact-pattern,policies-list-password-policies,,,,,,required,required,,,,
GET /sys/policy,system,GET,/sys/policy,unverified,typed,website/content/api-docs/system/policy.mdx,,policies,exact-pattern,policies-list,,,,,,required,required,,,,
DELETE /sys/policy/:name,system,DELETE,/sys/policy/:name,unverified,typed,website/content/api-docs/system/policy.mdx,name,,exact-pattern,policies-delete-acl-policy2,,,,,,required,required,,,,
GET /sys/policy/:name,system,GET,/sys/policy/:name,unverified,typed,website/content/api-docs/system/policy.mdx,name,cas_required;modified;name;rules;version,exact-pattern,policies-read-acl-policy2,,,,,,required,required,,,,
POST /sys/policy/:name,system,POST,/sys/policy/:name,unverified,typed,website/content/api-docs/system/policy.mdx,cas;cas_required;expiration;name;policy;ttl,,exact-pattern,policies-write-acl-policy2,,,,,,required,required,,,,
LIST /sys/policy/:prefix,system,LIST,/sys/policy/:prefix,unverified,typed,website/content/api-docs/system/policy.mdx,,policies,exact-pattern,policies-read-acl-policy2,,,,,,required,required,,,,
GET /sys/pprof/,system,GET,/sys/pprof/,unverified,typed-gated,website/content/api-docs/system/pprof.mdx,,,exact-pattern,pprof-index,,,,,,required,required,,,,
GET /sys/pprof/allocs,system,GET,/sys/pprof/allocs,unverified,typed-gated,website/content/api-docs/system/pprof.mdx,,,exact-pattern,pprof-memory-allocations,,,,,,required,required,,,,
GET /sys/pprof/block,system,GET,/sys/pprof/block,unverified,typed-gated,website/content/api-docs/system/pprof.mdx,,,exact-pattern,pprof-blocking,,,,,,required,required,,,,
GET /sys/pprof/cmdline,system,GET,/sys/pprof/cmdline,unverified,typed-gated,website/content/api-docs/system/pprof.mdx,,,exact-pattern,pprof-command-line,,,,,,required,required,,,,
GET /sys/pprof/goroutine,system,GET,/sys/pprof/goroutine,unverified,typed-gated,website/content/api-docs/system/pprof.mdx,debug,,exact-pattern,pprof-goroutines,,,,,,required,required,,,,
GET /sys/pprof/heap,system,GET,/sys/pprof/heap,unverified,typed-gated,website/content/api-docs/system/pprof.mdx,,,exact-pattern,pprof-memory-allocations-live,,,,,,required,required,,,,
GET /sys/pprof/mutex,system,GET,/sys/pprof/mutex,unverified,typed-gated,website/content/api-docs/system/pprof.mdx,,,exact-pattern,pprof-mutexes,,,,,,required,required,,,,
GET /sys/pprof/profile,system,GET,/sys/pprof/profile,unverified,typed-gated,website/content/api-docs/system/pprof.mdx,seconds,,exact-pattern,pprof-cpu-profile,,,,,,required,required,,,,
GET /sys/pprof/symbol,system,GET,/sys/pprof/symbol,unverified,typed-gated,website/content/api-docs/system/pprof.mdx,,,exact-pattern,pprof-symbols,,,,,,required,required,,,,
GET /sys/pprof/threadcreate,system,GET,/sys/pprof/threadcreate,unverified,typed-gated,website/content/api-docs/system/pprof.mdx,,,exact-pattern,pprof-thread-creations,,,,,,required,required,,,,
GET /sys/pprof/trace,system,GET,/sys/pprof/trace,unverified,typed-gated,website/content/api-docs/system/pprof.mdx,seconds,,exact-pattern,pprof-execution-trace,,,,,,required,required,,,,
GET /sys/quotas/config,system,GET,/sys/quotas/config,unverified,typed,website/content/api-docs/system/quotas-config.mdx,,data;data.enable_rate_limit_audit_logging;data.enable_rate_limit_response_headers;data.rate_limit_exempt_paths;lease_duration;lease_id;renewable;request_id;warnings,exact-pattern,rate-limit-quotas-read-configuration,,,,,,required,required,,,,
POST /sys/quotas/config,system,POST,/sys/quotas/config,unverified,typed,website/content/api-docs/system/quotas-config.mdx,enable_rate_limit_audit_logging;enable_rate_limit_response_headers;rate_limit_exempt_paths,,exact-pattern,rate-limit-quotas-configure,,,,,,required,required,,,,
LIST /sys/quotas/rate-limit,system,LIST,/sys/quotas/rate-limit,unverified,typed,website/content/api-docs/system/rate-limit-quotas.mdx,,auth;data;data.keys;lease_duration;lease_id;renewable;request_id;warnings;wrap_info,exact-pattern,rate-limit-quotas-list,,,,,,required,required,,,,
DELETE /sys/quotas/rate-limit/:name,system,DELETE,/sys/quotas/rate-limit/:name,unverified,typed,website/content/api-docs/system/rate-limit-quotas.mdx,,,exact-pattern,rate-limit-quotas-delete,,,,,,required,required,,,,
GET /sys/quotas/rate-limit/:name,system,GET,/sys/quotas/rate-limit/:name,unverified,typed,website/content/api-docs/system/rate-limit-quotas.mdx,,data;data.block_interval;data.interval;data.name;data.path;data.rate;data.role;data.type;lease_duration;lease_id;renewable;request_id;warnings,exact-pattern,rate-limit-quotas-read,,,,,,required,required,,,,
POST /sys/quotas/rate-limit/:name,system,POST,/sys/quotas/rate-limit/:name,unverified,typed,website/content/api-docs/system/rate-limit-quotas.mdx,block_interval;interval;name;path;rate;role,,exact-pattern,rate-limit-quotas-write,,,,,,required,required,,,,
DELETE /sys/raw/:path,system,DELETE,/sys/raw/:path,unverified,typed-gated,website/content/api-docs/system/raw.mdx,path,,exact-pattern,raw-delete-path,,,,,,required,required,,,,
GET /sys/raw/:path,system,GET,/sys/raw/:path,unverified,typed-gated,website/content/api-docs/system/raw.mdx,compressed;encoding;path,value,exact-pattern,raw-read-path,,,,,,required,required,,,,
POST /sys/raw/:path,system,POST,/sys/raw/:path,unverified,typed-gated,website/content/api-docs/system/raw.mdx,compression_type;encoding;path;value,,exact-pattern,raw-write-path,,,,,,required,required,,,,
LIST /sys/raw/:prefix,system,LIST,/sys/raw/:prefix,unverified,typed-gated,website/content/api-docs/system/raw.mdx,,data;data.keys,exact-pattern,raw-read-path,,,,,,required,required,,,,
GET /sys/raw/:prefix?list=true,system,GET,/sys/raw/:prefix?list=true,unverified,typed-gated,website/content/api-docs/system/raw.mdx,,data;data.keys,exact-pattern,raw-read-path,,,,,,required,required,,,,
DELETE /sys/rekey-recovery-key/init,system,DELETE,/sys/rekey-recovery-key/init,unverified,typed-gated,website/content/api-docs/system/rekey-recovery-key.mdx,,,absent,,,,,,,required,required,,,,
GET /sys/rekey-recovery-key/init,system,GET,/sys/rekey-recovery-key/init,unverified,typed-gated,website/content/api-docs/system/rekey-recovery-key.mdx,,backup;n;nonce;pgp_fingerprints;progress;required;started;t;verification_required,absent,,,,,,,required,required,,,,
POST /sys/rekey-recovery-key/init,system,POST,/sys/rekey-recovery-key/init,unverified,typed-gated,website/content/api-docs/system/rekey-recovery-key.mdx,backup;pgp_keys;require_verification;secret_shares;secret_threshold,,absent,,,,,,,required,required,,,,
POST /sys/rekey-recovery-key/update,system,POST,/sys/rekey-recovery-key/update,unverified,typed-gated,website/content/api-docs/system/rekey-recovery-key.mdx,key;nonce,backup;complete;keys;keys_base64;nonce;pgp_fingerprints;verification_nonce;verification_required,absent,,,,,,,required,required,,,,
DELETE /sys/rekey-recovery-key/verify,system,DELETE,/sys/rekey-recovery-key/verify,unverified,typed-gated,website/content/api-docs/system/rekey-recovery-key.mdx,,n;nonce;progress;t,absent,,,,,,,required,required,,,,
GET /sys/rekey-recovery-key/verify,system,GET,/sys/rekey-recovery-key/verify,unverified,typed-gated,website/content/api-docs/system/rekey-recovery-key.mdx,,n;nonce;progress;t,absent,,,,,,,required,required,,,,
POST /sys/rekey-recovery-key/verify,system,POST,/sys/rekey-recovery-key/verify,unverified,typed-gated,website/content/api-docs/system/rekey-recovery-key.mdx,key;nonce,complete;nonce,absent,,,,,,,required,required,,,,
DELETE /sys/rekey/backup,system,DELETE,/sys/rekey/backup,confirmed-gap,typed-gated,website/content/api-docs/system/rekey.mdx,,,exact-pattern,rekey-delete-backup-key,,,,,,required,required,,,,
GET /sys/rekey/backup,system,GET,/sys/rekey/backup,confirmed-gap,typed-gated,website/content/api-docs/system/rekey.mdx,,keys;keys.abcd1234;nonce,exact-pattern,rekey-read-backup-key,,,,,,required,required,,,,
DELETE /sys/rekey/init,system,DELETE,/sys/rekey/init,unverified,typed-gated,website/content/api-docs/system/rekey.mdx,,,exact-pattern,rekey-attempt-cancel,,,,,,required,required,,,,
GET /sys/rekey/init,system,GET,/sys/rekey/init,unverified,typed-gated,website/content/api-docs/system/rekey.mdx,,backup;n;nonce;pgp_fingerprints;progress;required;started;t;verification_required,exact-pattern,rekey-attempt-read-progress,,,,,,required,required,,,,
POST /sys/rekey/init,system,POST,/sys/rekey/init,unverified,typed-gated,website/content/api-docs/system/rekey.mdx,backup;pgp_keys;require_verification;secret_shares;secret_threshold,,exact-pattern,rekey-attempt-initialize,,,,,,required,required,,,,
DELETE /sys/rekey/recovery-key-backup,system,DELETE,/sys/rekey/recovery-key-backup,unverified,typed-gated,website/content/api-docs/system/rekey-recovery-key.mdx,,,exact-pattern,rekey-delete-backup-recovery-key,,,,,,required,required,,,,
GET /sys/rekey/recovery-key-backup,system,GET,/sys/rekey/recovery-key-backup,unverified,typed-gated,website/content/api-docs/system/rekey-recovery-key.mdx,,keys;keys.abcd1234;nonce,exact-pattern,rekey-read-backup-recovery-key,,,,,,required,required,,,,
POST /sys/rekey/update,system,POST,/sys/rekey/update,unverified,typed-gated,website/content/api-docs/system/rekey.mdx,key;nonce,backup;complete;keys;keys_base64;nonce;pgp_fingerprints;verification_nonce;verification_required,exact-pattern,rekey-attempt-update,,,,,,required,required,,,,
DELETE /sys/rekey/verify,system,DELETE,/sys/rekey/verify,confirmed-gap,typed-gated,website/content/api-docs/system/rekey.mdx,,n;nonce;progress;t,exact-pattern,rekey-verification-cancel,,,,,,required,required,,,,
GET /sys/rekey/verify,system,GET,/sys/rekey/verify,confirmed-gap,typed-gated,website/content/api-docs/system/rekey.mdx,,n;nonce;progress;t,exact-pattern,rekey-verification-read-progress,,,,,,required,required,,,,
POST /sys/rekey/verify,system,POST,/sys/rekey/verify,confirmed-gap,typed-gated,website/content/api-docs/system/rekey.mdx,key;nonce,complete;nonce,exact-pattern,rekey-verification-update,,,,,,required,required,,,,
POST /sys/remount,system,POST,/sys/remount,unverified,typed,website/content/api-docs/system/remount.mdx,from;to,migration_id,exact-pattern,remount,,,,,,required,required,,,,
GET /sys/remount/status/:migration_id,system,GET,/sys/remount/status/:migration_id,unverified,typed,website/content/api-docs/system/remount.mdx,migration_id,,exact-pattern,remount-status,,,,,,required,required,,,,
POST /sys/rotate,system,POST,/sys/rotate,confirmed-gap,typed-gated,website/content/api-docs/system/rotate/keyring.mdx,,,exact-pattern,encryption-key-rotate,,,,,,required,required,,,,
DELETE /sys/rotate/(root|recovery)/backup,system,DELETE,/sys/rotate/(root|recovery)/backup,confirmed-gap,typed-gated,website/content/api-docs/system/rotate/backup.mdx,,,ambiguous,,,,,,,required,required,,,,
GET /sys/rotate/(root|recovery)/backup,system,GET,/sys/rotate/(root|recovery)/backup,confirmed-gap,typed-gated,website/content/api-docs/system/rotate/backup.mdx,,auth;data;data.keys;data.keys.abcd1234;data.nonce;lease_duration;lease_id;renewable;request_id;warnings;wrap_info,ambiguous,,,,,,,required,required,,,,
DELETE /sys/rotate/(root|recovery)/init,system,DELETE,/sys/rotate/(root|recovery)/init,unverified,typed-gated,website/content/api-docs/system/rotate/init.mdx,,,ambiguous,,,,,,,required,required,,,,
GET /sys/rotate/(root|recovery)/init,system,GET,/sys/rotate/(root|recovery)/init,unverified,typed-gated,website/content/api-docs/system/rotate/init.mdx,,auth;data;data.backup;data.n;data.nonce;data.pgp_fingerprints;data.progress;data.required;data.started;data.t;data.verification_required;lease_duration;lease_id;renewable;request_id;warnings;wrap_info,ambiguous,,,,,,,required,required,,,,
POST /sys/rotate/(root|recovery)/init,system,POST,/sys/rotate/(root|recovery)/init,unverified,typed-gated,website/content/api-docs/system/rotate/init.mdx,backup;pgp_keys;require_verification;secret_shares;secret_threshold,,ambiguous,,,,,,,required,required,,,,
POST /sys/rotate/(root|recovery)/update,system,POST,/sys/rotate/(root|recovery)/update,unverified,typed-gated,website/content/api-docs/system/rotate/update.mdx,key;nonce,auth;data;data.backup;data.complete;data.keys;data.keys_base64;data.nonce;data.pgp_fingerprints;data.verification_nonce;data.verification_required;lease_duration;lease_id;renewable;request_id;warnings;wrap_info,ambiguous,,,,,,,required,required,,,,
GET /sys/rotate/(root|recovery)/verify,system,GET,/sys/rotate/(root|recovery)/verify,confirmed-gap,typed-gated,website/content/api-docs/system/rotate/verify.mdx,,auth;data;data.n;data.nonce;data.progress;data.t;lease_duration;lease_id;renewable;request_id;warnings;wrap_info,ambiguous,,,,,,,required,required,,,,
POST /sys/rotate/(root|recovery)/verify,system,POST,/sys/rotate/(root|recovery)/verify,confirmed-gap,typed-gated,website/content/api-docs/system/rotate/verify.mdx,key;nonce,complete;nonce,ambiguous,,,,,,,required,required,,,,
GET /sys/rotate/config,system,GET,/sys/rotate/config,confirmed-gap,typed-gated,website/content/api-docs/system/rotate/keyring-config.mdx,,data;data.enabled;data.interval;data.max_operations;lease_duration;lease_id;renewable;request_id;warnings,exact-pattern,encryption-key-read-rotation-configuration,,,,,,required,required,,,,
POST /sys/rotate/config,system,POST,/sys/rotate/config,confirmed-gap,typed-gated,website/content/api-docs/system/rotate/keyring-config.mdx,enabled;interval;max_operations,,exact-pattern,encryption-key-configure-rotation-configuration,,,,,,required,required,,,,
POST /sys/rotate/keyring,system,POST,/sys/rotate/keyring,unverified,typed-gated,website/content/api-docs/system/rotate/keyring.mdx,,,exact-pattern,encryption-key-rotate-rotate-keyring,,,,,,required,required,,,,
GET /sys/rotate/keyring/config,system,GET,/sys/rotate/keyring/config,confirmed-gap,typed-gated,website/content/api-docs/system/rotate/keyring-config.mdx,,data;data.enabled;data.interval;data.max_operations;lease_duration;lease_id;renewable;request_id;warnings,exact-pattern,encryption-key-read-rotate-keyring-config,,,,,,required,required,,,,
POST /sys/rotate/keyring/config,system,POST,/sys/rotate/keyring/config,confirmed-gap,typed-gated,website/content/api-docs/system/rotate/keyring-config.mdx,enabled;interval;max_operations,,exact-pattern,encryption-key-configure-rotate-keyring-config,,,,,,required,required,,,,
POST /sys/rotate/root,system,POST,/sys/rotate/root,confirmed-gap,typed-gated,website/content/api-docs/system/rotate/root.mdx,,,exact-pattern,root-key-rotate,,,,,,required,required,,,,
DELETE /sys/rotation/(root|recovery)/verify,system,DELETE,/sys/rotation/(root|recovery)/verify,unverified,typed-gated,website/content/api-docs/system/rotate/verify.mdx,,n;nonce;progress;t,absent,,,,,,,required,required,,,,
POST /sys/seal,system,POST,/sys/seal,unverified,typed-gated,website/content/api-docs/system/seal.mdx,,,exact-pattern,seal,,,,,,required,required,,,,
GET /sys/seal-status,system,GET,/sys/seal-status,unverified,typed,website/content/api-docs/system/seal-status.mdx,,build_date;cluster_id;cluster_name;initialized;migration;n;nonce;progress;recovery_seal;sealed;storage_type;t;type;version,exact-pattern,seal-status,,,,,,required,required,,,,
POST /sys/step-down,system,POST,/sys/step-down,unverified,typed-gated,website/content/api-docs/system/step-down.mdx,,,exact-pattern,step-down-leader,,,,,,required,required,,,,
GET /sys/storage/raft/autopilot/configuration,system,GET,/sys/storage/raft/autopilot/configuration,unverified,typed,website/content/api-docs/system/storage/raftautopilot.mdx,,cleanup_dead_servers;dead_server_last_contact_threshold;last_contact_threshold;max_trailing_logs;min_quorum;server_stabilization_time,absent,,,,,,,required,required,,,,
POST /sys/storage/raft/autopilot/configuration,system,POST,/sys/storage/raft/autopilot/configuration,unverified,typed,website/content/api-docs/system/storage/raftautopilot.mdx,cleanup_dead_servers;dead_server_last_contact_threshold;last_contact_threshold;max_trailing_logs;min_quorum;server_stabilization_time,,absent,,,,,,,required,required,,,,
GET /sys/storage/raft/autopilot/state,system,GET,/sys/storage/raft/autopilot/state,unverified,typed,website/content/api-docs/system/storage/raftautopilot.mdx,,failure_tolerance;healthy;leader;non_voters;servers;servers.raft1;servers.raft1.address;servers.raft1.healthy;servers.raft1.id;servers.raft1.last_contact;servers.raft1.last_index;servers.raft1.last_term;servers.raft1.meta;servers.raft1.name;servers.raft1.node_status;servers.raft1.stable_since;servers.raft1.status;servers.raft2;servers.raft2.address;servers.raft2.healthy;servers.raft2.id;servers.raft2.last_contact;servers.raft2.last_index;servers.raft2.last_term;servers.raft2.meta;servers.raft2.name;servers.raft2.node_status;servers.raft2.stable_since;servers.raft2.status;servers.raft3;servers.raft3.address;servers.raft3.healthy;servers.raft3.id;servers.raft3.last_contact;servers.raft3.last_index;servers.raft3.last_term;servers.raft3.meta;servers.raft3.name;servers.raft3.node_status;servers.raft3.stable_since;servers.raft3.status;voters,absent,,,,,,,required,required,,,,
POST /sys/storage/raft/bootstrap,system,POST,/sys/storage/raft/bootstrap,unverified,typed,website/content/api-docs/system/storage/raft.mdx,,,absent,,,,,,,required,required,,,,
GET /sys/storage/raft/configuration,system,GET,/sys/storage/raft/configuration,unverified,typed,website/content/api-docs/system/storage/raft.mdx,,data;data.config;data.config.index;data.config.servers;data.config.servers[].address;data.config.servers[].leader;data.config.servers[].node_id;data.config.servers[].protocol_version;data.config.servers[].voter;lease_duration;lease_id;renewable;request_id;warnings,absent,,,,,,,required,required,,,,
POST /sys/storage/raft/demote,system,POST,/sys/storage/raft/demote,unverified,typed,website/content/api-docs/system/storage/raft.mdx,,,absent,,,,,,,required,required,,,,
POST /sys/storage/raft/join,system,POST,/sys/storage/raft/join,unverified,typed,website/content/api-docs/system/storage/raft.mdx,auto_join;auto_join_port;auto_join_scheme;leader_api_addr;leader_ca_cert;leader_client_cert;leader_client_key;leader_tls_servername;non_voter;retry,,absent,,,,,,,required,required,,,,
POST /sys/storage/raft/promote,system,POST,/sys/storage/raft/promote,unverified,typed,website/content/api-docs/system/storage/raft.mdx,,,absent,,,,,,,required,required,,,,
POST /sys/storage/raft/remove-peer,system,POST,/sys/storage/raft/remove-peer,unverified,typed,website/content/api-docs/system/storage/raft.mdx,,,absent,,,,,,,required,required,,,,
GET /sys/storage/raft/snapshot,system,GET,/sys/storage/raft/snapshot,unverified,typed,website/content/api-docs/system/storage/raft.mdx,,,absent,,,,,,,required,required,,,,
POST /sys/storage/raft/snapshot,system,POST,/sys/storage/raft/snapshot,unverified,typed,website/content/api-docs/system/storage/raft.mdx,,,absent,,,,,,,required,required,,,,
POST /sys/storage/raft/snapshot-force,system,POST,/sys/storage/raft/snapshot-force,unverified,typed,website/content/api-docs/system/storage/raft.mdx,,,absent,,,,,,,required,required,,,,
POST /sys/tools/hash(/:algorithm),system,POST,/sys/tools/hash(/:algorithm),unverified,typed,website/content/api-docs/system/tools.mdx,algorithm;format;input,data;data.sum,exact-pattern,generate-hash-with-algorithm,,,,,,required,required,,,,
POST /sys/tools/random(/:source)(/:bytes),system,POST,/sys/tools/random(/:source)(/:bytes),unverified,typed,website/content/api-docs/system/tools.mdx,bytes;format;source,data;data.random_bytes,exact-pattern,generate-random-with-source-and-bytes,,,,,,required,required,,,,
POST /sys/unseal,system,POST,/sys/unseal,unverified,typed-gated,website/content/api-docs/system/unseal.mdx,key;migrate;reset,cluster_id;cluster_name;n;progress;sealed;t;version,exact-pattern,unseal,,,,,,required,required,,,,
LIST /sys/version-history,system,LIST,/sys/version-history,unverified,typed,website/content/api-docs/system/version-history.mdx,,key_info;key_info.1.11.0;key_info.1.11.0.build_date;key_info.1.11.0.previous_version;key_info.1.11.0.timestamp_installed;key_info.1.9.0;key_info.1.9.0.build_date;key_info.1.9.0.previous_version;key_info.1.9.0.timestamp_installed;key_info.1.9.1;key_info.1.9.1.build_date;key_info.1.9.1.previous_version;key_info.1.9.1.timestamp_installed;key_info.1.9.2;key_info.1.9.2.build_date;key_info.1.9.2.previous_version;key_info.1.9.2.timestamp_installed;keys,exact-pattern,version-history,,,,,,required,required,,,,
POST /sys/wrapping/lookup,system,POST,/sys/wrapping/lookup,unverified,typed,website/content/api-docs/system/wrapping-lookup.mdx,token,auth;data;data.creation_path;data.creation_time;data.creation_ttl;lease_duration;lease_id;renewable;request_id;warnings;wrap_info,exact-pattern,read-wrapping-properties,,,,,,required,required,,,,
POST /sys/wrapping/rewrap,system,POST,/sys/wrapping/rewrap,unverified,typed,website/content/api-docs/system/wrapping-rewrap.mdx,token,data;lease_duration;lease_id;renewable;request_id;warnings;wrap_info;wrap_info.creation_path;wrap_info.creation_time;wrap_info.token;wrap_info.ttl,exact-pattern,rewrap,,,,,,required,required,,,,
POST /sys/wrapping/unwrap,system,POST,/sys/wrapping/unwrap,unverified,typed,website/content/api-docs/system/wrapping-unwrap.mdx,token,data;data.zip;lease_duration;lease_id;renewable;request_id;warnings,exact-pattern,unwrap,,,,,,required,required,,,,
POST /sys/wrapping/wrap,system,POST,/sys/wrapping/wrap,unverified,typed,website/content/api-docs/system/wrapping-wrap.mdx,:any,data;lease_duration;lease_id;renewable;request_id;warnings;wrap_info;wrap_info.creation_path;wrap_info.creation_time;wrap_info.token;wrap_info.ttl,exact-pattern,wrap,,,,,,required,required,,,,
GET /totp/code/:name,secret,GET,/totp/code/:name,unverified,typed,website/content/api-docs/secret/totp.mdx,name,data;data.code,exact-pattern,totp-generate-code,,,,,,required,required,,,,
POST /totp/code/:name,secret,POST,/totp/code/:name,unverified,typed,website/content/api-docs/secret/totp.mdx,code;name,data;data.valid,exact-pattern,totp-validate-code,,,,,,required,required,,,,
LIST /totp/keys,secret,LIST,/totp/keys,unverified,typed,website/content/api-docs/secret/totp.mdx,after;limit,auth;data;data.keys;lease_duration;lease_id;renewable,exact-pattern,totp-list-keys,,,,,,required,required,,,,
DELETE /totp/keys/:name,secret,DELETE,/totp/keys/:name,unverified,typed,website/content/api-docs/secret/totp.mdx,name,,exact-pattern,totp-delete-key,,,,,,required,required,,,,
GET /totp/keys/:name,secret,GET,/totp/keys/:name,unverified,typed,website/content/api-docs/secret/totp.mdx,name,data;data.account_name;data.algorithm;data.digits;data.issuer;data.period,exact-pattern,totp-read-key,,,,,,required,required,,,,
POST /totp/keys/:name,secret,POST,/totp/keys/:name,unverified,typed,website/content/api-docs/secret/totp.mdx,account_name;algorithm;digits;exported;generate;issuer;key;key_size;name;period;qr_size;skew;url,data;data.barcode;data.url,exact-pattern,totp-create-key,,,,,,required,required,,,,
GET /transit/backup/:name,secret,GET,/transit/backup/:name,unverified,typed,website/content/api-docs/secret/transit.mdx,name,data;data.backup,exact-pattern,transit-back-up-key,,,,,,required,required,,,,
GET /transit/byok-export/:destination/:source(/:version),secret,GET,/transit/byok-export/:destination/:source(/:version),unverified,typed,website/content/api-docs/secret/transit.mdx,destination;hash;source;version,,exact-pattern,transit-byok-key-version,,,,,,required,required,,,,
GET /transit/cache-config,secret,GET,/transit/cache-config,unverified,typed,website/content/api-docs/secret/transit.mdx,,,exact-pattern,transit-read-cache-configuration,,,,,,required,required,,,,
POST /transit/cache-config,secret,POST,/transit/cache-config,unverified,typed,website/content/api-docs/secret/transit.mdx,size,,exact-pattern,transit-configure-cache,,,,,,required,required,,,,
GET /transit/config/keys,secret,GET,/transit/config/keys,unverified,typed,website/content/api-docs/secret/transit.mdx,,,exact-pattern,transit-read-keys-configuration,,,,,,required,required,,,,
POST /transit/config/keys,secret,POST,/transit/config/keys,unverified,typed,website/content/api-docs/secret/transit.mdx,disable_upsert,,exact-pattern,transit-configure-keys,,,,,,required,required,,,,
POST /transit/datakey/:type/:name,secret,POST,/transit/datakey/:type/:name,unverified,typed,website/content/api-docs/secret/transit.mdx,associated_data;bits;context;name;nonce;type,data;data.ciphertext;data.plaintext,exact-pattern,transit-generate-data-key,,,,,,required,required,,,,
POST /transit/decrypt/:name,secret,POST,/transit/decrypt/:name,unverified,typed,website/content/api-docs/secret/transit.mdx,associated_data;batch_input;ciphertext;context;name;nonce;partial_failure_response_code;reference,data;data.plaintext,exact-pattern,transit-decrypt,,,,,,required,required,,,,
POST /transit/encrypt/:name,secret,POST,/transit/encrypt/:name,unverified,typed,website/content/api-docs/secret/transit.mdx,associated_data;batch_input;context;convergent_encryption;key_version;name;nonce;partial_failure_response_code;plaintext;reference;type,data;data.ciphertext,exact-pattern,transit-encrypt,,,,,,required,required,,,,
GET /transit/export/:key_type/:name(/:version),secret,GET,/transit/export/:key_type/:name(/:version),unverified,typed,website/content/api-docs/secret/transit.mdx,format;key_type;name;version,data;data.keys;data.keys.1;data.keys.2;data.name,exact-pattern,transit-export-key-version,,,,,,required,required,,,,
POST /transit/hash(/:algorithm),secret,POST,/transit/hash(/:algorithm),unverified,typed,website/content/api-docs/secret/transit.mdx,algorithm;format;input,data;data.sum,exact-pattern,transit-hash-with-algorithm,,,,,,required,required,,,,
POST /transit/hmac/:name(/:algorithm),secret,POST,/transit/hmac/:name(/:algorithm),unverified,typed,website/content/api-docs/secret/transit.mdx,algorithm;batch_input;input;key_version;name;reference,data;data.batch_results;data.batch_results[].hmac;data.hmac,exact-pattern,transit-generate-hmac-with-algorithm,,,,,,required,required,,,,
LIST /transit/keys,secret,LIST,/transit/keys,unverified,typed,website/content/api-docs/secret/transit.mdx,after;limit,data;data.keys;lease_duration;lease_id;renewable,exact-pattern,transit-list-keys,,,,,,required,required,,,,
DELETE /transit/keys/:name,secret,DELETE,/transit/keys/:name,unverified,typed,website/content/api-docs/secret/transit.mdx,name,,exact-pattern,transit-delete-key,,,,,,required,required,,,,
GET /transit/keys/:name,secret,GET,/transit/keys/:name,unverified,typed,website/content/api-docs/secret/transit.mdx,name,data;data.allow_plaintext_backup;data.deletion_allowed;data.derived;data.exportable;data.imported;data.keys;data.keys.1;data.min_decryption_version;data.min_encryption_version;data.name;data.supports_decryption;data.supports_derivation;data.supports_encryption;data.supports_signing;data.type,exact-pattern,transit-read-key,,,,,,required,required,,,,
POST /transit/keys/:name,secret,POST,/transit/keys/:name,unverified,typed,website/content/api-docs/secret/transit.mdx,allow_plaintext_backup;auto_rotate_period;convergent_encryption;derived;exportable;key_size;name;type,,exact-pattern,transit-create-key,,,,,,required,required,,,,
POST /transit/keys/:name/config,secret,POST,/transit/keys/:name/config,unverified,typed,website/content/api-docs/secret/transit.mdx,allow_plaintext_backup;auto_rotate_period;deletion_allowed;exportable;min_decryption_version;min_encryption_version,,exact-pattern,transit-configure-key,,,,,,required,required,,,,
POST /transit/keys/:name/csr,secret,POST,/transit/keys/:name/csr,unverified,typed,website/content/api-docs/secret/transit.mdx,csr;name;version,data;data.csr;data.name;data.type,exact-pattern,get-csr,,,,,,required,required,,,,
POST /transit/keys/:name/import,secret,POST,/transit/keys/:name/import,unverified,typed,website/content/api-docs/secret/transit.mdx,allow_plaintext_backup;allow_rotation;auto_rotate_period;ciphertext;context;derived;exportable;hash_function;name;public_key;type,,exact-pattern,transit-import-key,,,,,,required,required,,,,
POST /transit/keys/:name/import_version,secret,POST,/transit/keys/:name/import_version,unverified,typed,website/content/api-docs/secret/transit.mdx,ciphertext;hash_function;name;public_key;version,,exact-pattern,transit-import-key-version,,,,,,required,required,,,,
POST /transit/keys/:name/rotate,secret,POST,/transit/keys/:name/rotate,unverified,typed,website/content/api-docs/secret/transit.mdx,name,,exact-pattern,transit-rotate-key,,,,,,required,required,,,,
POST /transit/keys/:name/set-certificate,secret,POST,/transit/keys/:name/set-certificate,unverified,typed,website/content/api-docs/secret/transit.mdx,certificate_chain;name;version,data;data.certificate_chain;data.name;data.type,exact-pattern,set-chain,,,,,,required,required,,,,
DELETE /transit/keys/:name/soft-delete,secret,DELETE,/transit/keys/:name/soft-delete,unverified,typed,website/content/api-docs/secret/transit.mdx,name,,exact-pattern,transit-soft-delete-key,,,,,,required,required,,,,
POST /transit/keys/:name/soft-delete-restore,secret,POST,/transit/keys/:name/soft-delete-restore,unverified,typed,website/content/api-docs/secret/transit.mdx,name,,exact-pattern,transit-soft-delete-restore-key,,,,,,required,required,,,,
POST /transit/keys/:name/trim,secret,POST,/transit/keys/:name/trim,unverified,typed,website/content/api-docs/secret/transit.mdx,min_available_version,,exact-pattern,transit-trim-key,,,,,,required,required,,,,
POST /transit/random(/:source)(/:bytes),secret,POST,/transit/random(/:source)(/:bytes),unverified,typed,website/content/api-docs/secret/transit.mdx,bytes;format;source,data;data.random_bytes,exact-pattern,transit-generate-random-with-source-and-bytes,,,,,,required,required,,,,
POST /transit/restore(/:name),secret,POST,/transit/restore(/:name),unverified,typed,website/content/api-docs/secret/transit.mdx,backup;force;name,,exact-pattern,transit-restore-and-rename-key,,,,,,required,required,,,,
POST /transit/rewrap/:name,secret,POST,/transit/rewrap/:name,unverified,typed,website/content/api-docs/secret/transit.mdx,batch_input;ciphertext;context;key_version;name;nonce;reference,data;data.ciphertext,exact-pattern,transit-rewrap,,,,,,required,required,,,,
POST /transit/sign/:name(/:hash_algorithm),secret,POST,/transit/sign/:name(/:hash_algorithm),unverified,typed,website/content/api-docs/secret/transit.mdx,batch_input;context;hash_algorithm;input;key_version;marshaling_algorithm;name;prehashed;reference;salt_length;signature_algorithm,data;data.signature,exact-pattern,transit-sign-with-algorithm,,,,,,required,required,,,,
POST /transit/verify/:name(/:hash_algorithm),secret,POST,/transit/verify/:name(/:hash_algorithm),unverified,typed,website/content/api-docs/secret/transit.mdx,batch_input;context;hash_algorithm;hmac;input;marshaling_algorithm;name;prehashed;reference;salt_length;signature;signature_algorithm,data;data.valid,exact-pattern,transit-verify-with-algorithm,,,,,,required,required,,,,
GET /transit/wrapping_key,secret,GET,/transit/wrapping_key,unverified,typed,website/content/api-docs/secret/transit.mdx,,,exact-pattern,transit-read-wrapping-key,,,,,,required,required,,,,
